P1_Texto	P1_Cita	P2_Texto	P3_Texto	P3_Cierre	P4_Texto	P5_Texto	P6_Texto	P6_Cierre
Porque donde están dos o tres congregados en mi nombre, allí estoy yo en medio de ellos.	Mateo 18:20	Dios también se hace presente en los momentos sencillos que compartimos con quienes amamos.	¿En qué momento reciente sentiste de manera especial la presencia de Dios?	🤍 Compártelo en los comentarios. — Aclama a Dios	Señor, permite que pueda reconocer tu presencia aun en los momentos más sencillos de mi vida.	Declaro que nunca camino solo porque Dios permanece conmigo.	Escribe "Dios está conmigo" si hoy reconoces Su presencia.	✍️ Escríbelo y compártelo con alguien que lo necesite. — Aclama a Dios
Todo tiene su tiempo, y todo lo que se quiere debajo del cielo tiene su hora.	Eclesiastés 3:1	No compares tu proceso con el de otras personas; cada historia tiene temporadas diferentes.	¿Qué proceso de tu vida estás aprendiendo a esperar con paciencia?	🤍 Compártelo en los comentarios. — Aclama a Dios	Padre, dame paciencia para respetar tus tiempos sin desesperarme durante la espera.	Declaro que puedo esperar con esperanza porque confío en los tiempos de Dios.	Escribe "Esperaré en Dios" si estás dispuesto a confiar en Su tiempo.	✍️ Escríbelo y compártelo con alguien que lo necesite. — Aclama a Dios
Mi socorro viene de Jehová, que hizo los cielos y la tierra.	Salmos 121:2	Hay ayudas que no llegan de donde esperabas, pero Dios puede abrir caminos que jamás habías considerado.	¿En qué área de tu vida necesitas recordar que tu ayuda viene de Dios?	🤍 Compártelo en los comentarios. — Aclama a Dios	Señor, fortalece mi corazón cuando sienta que no puedo continuar por mis propias fuerzas.	Declaro que mi auxilio viene de Dios y no dependo únicamente de mis propias fuerzas.	Escribe "Mi ayuda viene de Dios" si hoy depositas tu confianza en Él.	✍️ Escríbelo y compártelo con alguien que lo necesite. — Aclama a Dios
El que habita al abrigo del Altísimo morará bajo la sombra del Omnipotente.	Salmos 91:1	Buscar refugio en Dios no significa que nunca habrá dificultades, sino saber dónde acudir cuando aparezcan.	¿Dónde encuentras mayor tranquilidad cuando atraviesas una dificultad?	🤍 Compártelo en los comentarios. — Aclama a Dios	Padre celestial, sé mi refugio cuando el temor quiera ocupar el lugar de la confianza.	Declaro que mi corazón encuentra refugio y seguridad en la presencia de Dios.	Escribe "Dios es mi refugio" si hoy decides acercarte a Él.	✍️ Escríbelo y compártelo con alguien que lo necesite. — Aclama a Dios
Fíate de Jehová de todo tu corazón, y no estribes en tu propia prudencia.	Proverbios 3:5	No todo lo que parece incierto está fuera del cuidado de Dios; algunas respuestas necesitan tiempo para revelarse.	¿Qué decisión estás buscando poner delante de Dios antes de actuar?	🤍 Compártelo en los comentarios. — Aclama a Dios	Señor, dame discernimiento para elegir con sabiduría y humildad en cada decisión.	Declaro que buscaré la dirección de Dios antes de dejarme llevar por la incertidumbre.	Escribe "Guíame, Señor" si quieres poner tus decisiones delante de Dios.	✍️ Escríbelo y compártelo con alguien que lo necesite. — Aclama a Dios
Porque siete veces cae el justo, y vuelve a levantarse.	Proverbios 24:16	Un tropiezo no tiene que convertirse en el final de tu historia; también puede ser una oportunidad para levantarte con mayor experiencia.	¿Qué situación te enseñó que todavía puedes levantarte después de caer?	🤍 Compártelo en los comentarios. — Aclama a Dios	Señor, dame valor para levantarme cada vez que una dificultad intente detenerme.	Declaro que mis errores no definirán mi futuro; aprenderé, avanzaré y continuaré.	Escribe "Me levantaré" si hoy decides no rendirte ante las dificultades.	✍️ Escríbelo y compártelo con alguien que lo necesite. — Aclama a Dios
El corazón alegre constituye buen remedio; mas el espíritu triste seca los huesos.	Proverbios 17:22	Cuidar tu alegría también puede ser una forma de reconocer los regalos cotidianos que Dios pone delante de ti.	¿Qué pequeño detalle logró alegrarte el corazón recientemente?	🤍 Compártelo en los comentarios. — Aclama a Dios	Padre, ayúdame a conservar la alegría y a encontrar motivos para sonreír aun durante los días difíciles.	Declaro que cultivaré un corazón agradecido y lleno de alegría.	Escribe "Hoy elijo alegrarme" si decides valorar las pequeñas bendiciones.	✍️ Escríbelo y compártelo con alguien que lo necesite. — Aclama a Dios
La respuesta blanda quita la ira; mas la palabra áspera hace subir el furor.	Proverbios 15:1	A veces una respuesta tranquila puede cambiar completamente el rumbo de una conversación difícil.	¿Te ha ayudado alguna vez guardar la calma durante una discusión?	🤍 Compártelo en los comentarios. — Aclama a Dios	Señor, pon sabiduría en mis palabras para responder con amor aun cuando me sienta provocado.	Declaro que mis palabras serán instrumentos de paz y no de conflicto.	Escribe "Quiero hablar con amor" si deseas cuidar tus palabras hoy.	✍️ Escríbelo y compártelo con alguien que lo necesite. — Aclama a Dios
Mejor es adquirir sabiduría que oro preciado; y adquirir inteligencia vale más que la plata.	Proverbios 16:16	Los bienes pueden cambiar de valor, pero lo que aprendes puede acompañarte durante toda tu vida.	¿Qué enseñanza recibida en el pasado todavía influye en tus decisiones actuales?	🤍 Compártelo en los comentarios. — Aclama a Dios	Padre, ayúdame a buscar conocimiento que me haga crecer y sabiduría para utilizarlo correctamente.	Declaro que seguiré creciendo en sabiduría y aprendiendo de cada experiencia.	Escribe "Quiero crecer" si deseas seguir aprendiendo cada día.	✍️ Escríbelo y compártelo con alguien que lo necesite. — Aclama a Dios
Sobre toda cosa guardada, guarda tu corazón; porque de él mana la vida.	Proverbios 4:23	Lo que permites entrar constantemente en tu corazón puede influir en la manera en que ves el mundo y enfrentas tus días.	¿Qué hábito necesitas cuidar para proteger mejor tu paz interior?	🤍 Compártelo en los comentarios. — Aclama a Dios	Señor, ayúdame a cuidar mis pensamientos, mis palabras y aquello que alimenta mi corazón.	Declaro que protegeré mi corazón de aquello que robe mi paz y debilite mi fe.	Escribe "Cuido mi corazón" si hoy quieres proteger tu vida espiritual.	✍️ Escríbelo y compártelo con alguien que lo necesite. — Aclama a Dios
El que guarda su boca y su lengua, su alma guarda de angustias.	Proverbios 21:23	No todo pensamiento necesita convertirse en palabra; aprender a detenerse también puede ser una muestra de sabiduría.	¿Qué palabra te gustaría aprender a decir menos cuando estás molesto?	🤍 Compártelo en los comentarios. — Aclama a Dios	Señor, dame dominio propio para saber cuándo hablar, cuándo escuchar y cuándo guardar silencio.	Declaro que mis palabras estarán guiadas por prudencia, respeto y amor.	Escribe "Dame dominio propio" si quieres mejorar la manera en que hablas.	✍️ Escríbelo y compártelo con alguien que lo necesite. — Aclama a Dios
El que madruga al llanto y a la mañana al júbilo viene.	Salmos 30:5	Una noche complicada no determina cómo será toda tu historia; los momentos difíciles también pueden pasar.	¿Qué situación difícil atravesaste que después terminó trayendo un nuevo motivo para sonreír?	🤍 Compártelo en los comentarios. — Aclama a Dios	Padre, ayúdame a mantener la esperanza cuando una temporada difícil parezca demasiado larga.	Declaro que no permitiré que una etapa difícil me haga perder la esperanza.	Escribe "Vendrán días mejores" si hoy decides mantener la esperanza.	✍️ Escríbelo y compártelo con alguien que lo necesite. — Aclama a Dios
Encomienda a Jehová tus obras, y tus pensamientos serán afirmados.	Proverbios 16:3	Presentar tus planes delante de Dios puede ayudarte a recordar que tus proyectos también necesitan propósito.	¿Qué proyecto estás deseando poner en las manos de Dios?	🤍 Compártelo en los comentarios. — Aclama a Dios	Señor, recibe mis proyectos y ayúdame a trabajar en ellos con responsabilidad, paciencia y propósito.	Declaro que mis esfuerzos estarán acompañados de propósito y dirección.	Escribe "Mis planes están en Sus manos" si hoy entregas tus proyectos a Dios.	✍️ Escríbelo y compártelo con alguien que lo necesite. — Aclama a Dios
El ánimo del hombre soportará su enfermedad; mas ¿quién soportará al ánimo angustiado?	Proverbios 18:14	La manera en que enfrentas una dificultad puede cambiar cuando encuentras una razón para continuar.	¿Qué palabra te ayuda a recuperar el ánimo cuando estás pasando por un día complicado?	🤍 Compártelo en los comentarios. — Aclama a Dios	Señor, fortalece mi ánimo y ayúdame a conservar esperanza cuando me sienta desanimado.	Declaro que mi esperanza no dependerá únicamente de lo que esté sucediendo a mi alrededor.	Escribe "Dios fortalece mi corazón" si hoy necesitas renovar tu ánimo.	✍️ Escríbelo y compártelo con alguien que lo necesite. — Aclama a Dios
Porque Dios no nos ha dado espíritu de cobardía, sino de poder, de amor y de dominio propio.	2 Timoteo 1:7	El valor no siempre significa ausencia de miedo; muchas veces significa avanzar a pesar de sentirlo.	¿Qué miedo te gustaría aprender a enfrentar con mayor confianza?	🤍 Compártelo en los comentarios. — Aclama a Dios	Padre, ayúdame a enfrentar aquello que me intimida y recuérdame que puedo caminar con valentía.	Declaro que enfrentaré mis temores con fe, amor y dominio propio.	Escribe "Caminaré con valentía" si hoy decides enfrentar tus temores.	✍️ Escríbelo y compártelo con alguien que lo necesite. — Aclama a Dios
Y sabemos que a los que aman a Dios, todas las cosas les ayudan a bien.	Romanos 8:28	No todo acontecimiento será fácil de comprender, pero una experiencia difícil puede dejar enseñanzas que antes no conocías.	¿Qué experiencia complicada terminó enseñándote algo importante sobre la vida?	🤍 Compártelo en los comentarios. — Aclama a Dios	Señor, dame perspectiva para aprender de aquello que no puedo cambiar y seguir avanzando.	Declaro que buscaré aprendizaje y propósito incluso dentro de las experiencias difíciles.	Escribe "Dios puede usarlo para bien" si decides confiar durante tu proceso.	✍️ Escríbelo y compártelo con alguien que lo necesite. — Aclama a Dios
El Señor cumplirá su propósito en mí; tu misericordia, oh Jehová, es para siempre.	Salmos 138:8	No necesitas conocer cada capítulo de tu historia para continuar caminando hacia lo que Dios ha puesto delante de ti.	¿Qué propósito de tu vida deseas seguir desarrollando con paciencia?	🤍 Compártelo en los comentarios. — Aclama a Dios	Señor, ayúdame a permanecer firme mientras desarrollas en mí aquello que todavía está en proceso.	Declaro que seguiré avanzando con paciencia hacia el propósito que Dios ha puesto delante de mí.	Escribe "Confío en el propósito" si hoy decides continuar caminando con fe.	✍️ Escríbelo y compártelo con alguien que lo necesite. — Aclama a Dios
La misericordia de Jehová es desde la eternidad y hasta la eternidad sobre los que le temen.	Salmos 103:17	La gracia de Dios puede recordarte que una nueva oportunidad también puede comenzar después de un día difícil.	¿Qué nueva oportunidad agradeces haber recibido en tu vida?	🤍 Compártelo en los comentarios. — Aclama a Dios	Padre, gracias por las nuevas oportunidades y por permitirme comenzar nuevamente cuando lo necesito.	Declaro que no viviré atrapado en mis errores; aceptaré nuevas oportunidades para crecer.	Escribe "Gracias por otra oportunidad" si hoy valoras una nueva etapa.	✍️ Escríbelo y compártelo con alguien que lo necesite. — Aclama a Dios
Crea en mí, oh Dios, un corazón limpio, y renueva un espíritu recto dentro de mí.	Salmos 51:10	El crecimiento espiritual también implica reconocer aquello que necesitamos cambiar dentro de nosotros.	¿Qué aspecto de tu carácter le estás pidiendo a Dios que transforme?	🤍 Compártelo en los comentarios. — Aclama a Dios	Señor, transforma aquello que necesita cambiar en mí y enséñame a vivir con un corazón sincero.	Declaro que estoy dispuesto a crecer, corregir y permitir que Dios transforme mi interior.	Escribe "Transforma mi corazón" si deseas acercarte más a Dios.	✍️ Escríbelo y compártelo con alguien que lo necesite. — Aclama a Dios
Bienaventurado el hombre que halla la sabiduría, y que obtiene la inteligencia.	Proverbios 3:13	La sabiduría también se construye cuando aprendes a escuchar, observar y reconocer tus propios errores.	¿Quién ha sido una persona que te enseñó una lección que nunca olvidaste?	🤍 Compártelo en los comentarios. — Aclama a Dios	Padre, abre mi entendimiento para aprender de las personas, de las experiencias y de tu Palabra.	Declaro que cada experiencia puede convertirse en una oportunidad para adquirir sabiduría.	Escribe "Dame sabiduría" si hoy quieres aprender algo que transforme tu manera de vivir.	✍️ Escríbelo y compártelo con alguien que lo necesite. — Aclama a Dios
El que anda con sabios, sabio será; mas el que se junta con necios será quebrantado.	Proverbios 13:20	Las personas que permites cerca pueden influir en tus pensamientos, hábitos y decisiones mucho más de lo que imaginas.	¿Qué cualidad valoras más en las personas que forman parte de tu vida?	🤍 Compártelo en los comentarios. — Aclama a Dios	Señor, dame discernimiento para rodearme de personas que aporten paz, sabiduría y buenos principios a mi vida.	Declaro que buscaré relaciones que me impulsen a crecer y acercarme más a Dios.	Escribe "Rodéame de personas de bien" si valoras las relaciones que edifican.	✍️ Escríbelo y compártelo con alguien que lo necesite. — Aclama a Dios
El que siembra escasamente, también segará escasamente; y el que siembra generosamente, generosamente también segará.	2 Corintios 9:6	Lo que haces constantemente puede convertirse en una semilla cuyo resultado aparecerá con el tiempo.	¿Qué buena acción te gustaría comenzar a sembrar con mayor frecuencia?	🤍 Compártelo en los comentarios. — Aclama a Dios	Señor, enséñame a sembrar generosidad, paciencia, bondad y amor sin esperar reconocimiento.	Declaro que sembraré buenas acciones con un corazón sincero y generoso.	Escribe "Quiero sembrar el bien" si hoy decides ser una bendición para alguien.	✍️ Escríbelo y compártelo con alguien que lo necesite. — Aclama a Dios
Todo lo que hagáis, hacedlo de corazón, como para el Señor y no para los hombres.	Colosenses 3:23	La calidad de lo que haces también puede reflejar la actitud con la que decides hacerlo.	¿Qué actividad cotidiana quieres comenzar a realizar con una actitud diferente?	🤍 Compártelo en los comentarios. — Aclama a Dios	Padre, ayúdame a realizar mis responsabilidades con excelencia, humildad y un corazón dispuesto.	Declaro que pondré dedicación y propósito en aquello que hoy me corresponde hacer.	Escribe "Lo haré de corazón" si quieres cambiar tu actitud ante tus responsabilidades.	✍️ Escríbelo y compártelo con alguien que lo necesite. — Aclama a Dios
El que es fiel en lo muy poco, también en lo más es fiel.	Lucas 16:10	Las pequeñas responsabilidades también pueden revelar cuánto compromiso existe dentro de nosotros.	¿Qué pequeña responsabilidad estás decidido a cumplir mejor a partir de hoy?	🤍 Compártelo en los comentarios. — Aclama a Dios	Señor, ayúdame a ser constante y responsable incluso cuando aquello que hago parezca pequeño.	Declaro que seré fiel en los pequeños detalles que forman mi vida diaria.	Escribe "Seré fiel en lo pequeño" si hoy quieres comenzar con pequeños cambios.	✍️ Escríbelo y compártelo con alguien que lo necesite. — Aclama a Dios
No nos cansemos, pues, de hacer bien; porque a su tiempo segaremos, si no desmayamos.	Gálatas 6:9	No siempre verás resultados inmediatamente, pero la constancia puede mantener vivo aquello que estás construyendo.	¿Qué cosa buena estás haciendo actualmente aunque todavía no veas resultados?	🤍 Compártelo en los comentarios. — Aclama a Dios	Señor, dame perseverancia para continuar haciendo el bien aunque los resultados tarden en aparecer.	Declaro que no abandonaré aquello que vale la pena solo porque todavía no veo sus frutos.	Escribe "Seguiré adelante" si hoy decides perseverar.	✍️ Escríbelo y compártelo con alguien que lo necesite. — Aclama a Dios
El que habita en amor, habita en Dios, y Dios en él.	1 Juan 4:16	Amar también significa elegir paciencia, comprensión y bondad cuando sería más sencillo responder con indiferencia.	¿De qué manera puedes demostrar amor a alguien durante este día?	🤍 Compártelo en los comentarios. — Aclama a Dios	Señor, enséñame a amar con acciones y no solamente con palabras.	Declaro que procuraré reflejar el amor de Dios en la manera en que trato a los demás.	Escribe "Quiero amar más" si hoy deseas reflejar el amor de Dios.	✍️ Escríbelo y compártelo con alguien que lo necesite. — Aclama a Dios
Y sobre todas estas cosas vestíos de amor, que es el vínculo perfecto.	Colosenses 3:14	El amor puede unir personas diferentes cuando existe disposición para escuchar y comprender.	¿Qué relación de tu vida necesita hoy un poco más de paciencia y comprensión?	🤍 Compártelo en los comentarios. — Aclama a Dios	Padre, ayúdame a llevar amor a las relaciones donde existen diferencias, heridas o distancia.	Declaro que responderé con amor incluso cuando sea difícil comprender al otro.	Escribe "Que haya amor" si deseas llevar paz a tus relaciones.	✍️ Escríbelo y compártelo con alguien que lo necesite. — Aclama a Dios
La blanda respuesta quita la ira; mas la palabra áspera hace subir el furor.	Proverbios 15:1	Hablar con calma no significa ignorar los problemas; significa intentar resolverlos sin agregar más dolor.	¿Qué haces para recuperar la calma antes de responder cuando estás molesto?	🤍 Compártelo en los comentarios. — Aclama a Dios	Señor, dame paciencia para escuchar antes de responder y sabiduría para no herir con mis palabras.	Declaro que elegiré la paz antes que una respuesta impulsiva.	Escribe "Elegiré la paz" si hoy quieres cuidar tus palabras.	✍️ Escríbelo y compártelo con alguien que lo necesite. — Aclama a Dios
El que encubre sus pecados no prosperará; mas el que los confiesa y se aparta alcanzará misericordia.	Proverbios 28:13	Reconocer un error no disminuye tu valor; puede ser el primer paso para corregir el camino.	¿Hay alguna lección de un error pasado que hoy agradeces haber aprendido?	🤍 Compártelo en los comentarios. — Aclama a Dios	Padre, dame humildad para reconocer mis errores y valentía para cambiar aquello que debo corregir.	Declaro que aprenderé de mis errores sin permitir que ellos definan quién puedo llegar a ser.	Escribe "Aprendo y sigo" si hoy decides crecer a partir de tus experiencias.	✍️ Escríbelo y compártelo con alguien que lo necesite. — Aclama a Dios
El justo por su fe vivirá.	Habacuc 2:4	Hay temporadas donde continuar creyendo requiere paciencia porque las circunstancias todavía no muestran lo que esperas.	¿Qué promesa estás esperando con fe aunque todavía no hayas visto su cumplimiento?	🤍 Compártelo en los comentarios. — Aclama a Dios	Señor, fortalece mi fe cuando mis ojos todavía no puedan ver aquello que estoy esperando.	Declaro que seguiré caminando por fe y no solamente por lo que puedo observar.	Escribe "Seguiré creyendo" si hoy decides mantener tu fe.	✍️ Escríbelo y compártelo con alguien que lo necesite. — Aclama a Dios
Porque por fe andamos, no por vista.	2 Corintios 5:7	No todo lo importante puede verse inmediatamente; algunas cosas se construyen mientras avanzas con confianza.	¿Qué situación te está enseñando a confiar aunque todavía no tengas todas las respuestas?	🤍 Compártelo en los comentarios. — Aclama a Dios	Padre, ayúdame a caminar con confianza cuando no pueda conocer todavía el resultado de cada decisión.	Declaro que mi fe será más fuerte que mi necesidad de tener todas las respuestas.	Escribe "Camino por fe" si hoy decides confiar aunque no puedas verlo todo.	✍️ Escríbelo y compártelo con alguien que lo necesite. — Aclama a Dios
Porque nuestra leve tribulación momentánea produce en nosotros un cada vez más excelente y eterno peso de gloria.	2 Corintios 4:17	Algunas dificultades pueden dejar una profundidad interior que no habrías desarrollado durante una temporada completamente cómoda.	¿Qué dificultad terminó fortaleciendo una parte de ti que antes desconocías?	🤍 Compártelo en los comentarios. — Aclama a Dios	Señor, ayúdame a encontrar crecimiento y esperanza incluso en las temporadas que me cuestan comprender.	Declaro que las dificultades no tendrán la última palabra sobre mi vida.	Escribe "Esto también pasará" si hoy eliges mirar tu proceso con esperanza.	✍️ Escríbelo y compártelo con alguien que lo necesite. — Aclama a Dios
El que comenzó en vosotros la buena obra, la perfeccionará hasta el día de Jesucristo.	Filipenses 1:6	No tienes que ser una versión terminada de ti mismo para reconocer que estás avanzando.	¿Qué cambio positivo has notado en ti durante el último año?	🤍 Compártelo en los comentarios. — Aclama a Dios	Padre, ayúdame a tener paciencia con mi propio proceso y a reconocer cada pequeño avance.	Declaro que seguiré creciendo sin despreciar los pasos pequeños que ya he dado.	Escribe "Estoy creciendo" si reconoces que Dios todavía está trabajando en ti.	✍️ Escríbelo y compártelo con alguien que lo necesite. — Aclama a Dios
Jehová es bueno, fortaleza en el día de la angustia; y conoce a los que en él confían.	Nahúm 1:7	En los días complicados es importante recordar que no tienes que enfrentar cada preocupación sin buscar apoyo.	¿Qué haces para recordar la bondad de Dios durante una temporada difícil?	🤍 Compártelo en los comentarios. — Aclama a Dios	Señor, sé mi fortaleza cuando las preocupaciones intenten quitarme la tranquilidad.	Declaro que buscaré refugio en Dios antes de permitir que la angustia gobierne mis pensamientos.	Escribe "Dios es mi fortaleza" si hoy necesitas recordar Su bondad.	✍️ Escríbelo y compártelo con alguien que lo necesite. — Aclama a Dios
El Señor dará poder a su pueblo; el Señor bendecirá a su pueblo con paz.	Salmos 29:11	La verdadera paz no siempre significa que todo esté resuelto; a veces significa aprender a permanecer firme mientras esperas.	¿Qué situación necesitas entregar para recuperar un poco de paz interior?	🤍 Compártelo en los comentarios. — Aclama a Dios	Padre, permite que tu paz encuentre espacio en mi corazón cuando mis circunstancias sean inciertas.	Declaro que protegeré mi paz y no permitiré que cada dificultad controle mi interior.	Escribe "Recibo Su paz" si hoy quieres descansar tu corazón en Dios.	✍️ Escríbelo y compártelo con alguien que lo necesite. — Aclama a Dios
El Señor es mi fuerza y mi cántico, y ha sido mi salvación.	Isaías 12:2	La gratitud puede cambiar la manera en que recuerdas una etapa difícil al ayudarte a reconocer cuánto has superado.	¿Qué situación del pasado te hace agradecer que Dios te haya sostenido?	🤍 Compártelo en los comentarios. — Aclama a Dios	Señor, gracias por cada vez que me diste fuerzas cuando yo pensaba que ya no tenía más.	Declaro que recordaré lo que Dios ha hecho para enfrentar con esperanza lo que viene.	Escribe "Gracias por sostenerme" si recuerdas una ocasión en la que Dios te ayudó.	✍️ Escríbelo y compártelo con alguien que lo necesite. — Aclama a Dios
Buscad a Jehová mientras puede ser hallado, llamadle en tanto que está cercano.	Isaías 55:6	Acercarte a Dios no requiere esperar a tener una vida perfecta; puedes comenzar desde donde estás.	¿Qué momento del día te ayuda más a apartar unos minutos para acercarte a Dios?	🤍 Compártelo en los comentarios. — Aclama a Dios	Padre, ayúdame a hacer espacio en mis días para buscarte con sinceridad y atención.	Declaro que cuidaré mi relación con Dios como una prioridad en mi vida.	Escribe "Quiero buscarte" si hoy deseas dedicar más tiempo a Dios.	✍️ Escríbelo y compártelo con alguien que lo necesite. — Aclama a Dios
Gustad, y ved que es bueno Jehová; dichoso el hombre que confía en él.	Salmos 34:8	La fe también se fortalece cuando recuerdas experiencias concretas en las que viste la bondad de Dios.	¿Qué experiencia te hizo reconocer de una manera especial la bondad de Dios?	🤍 Compártelo en los comentarios. — Aclama a Dios	Señor, ayúdame a recordar tus bondades cuando mi atención se concentre demasiado en mis problemas.	Declaro que guardaré memoria de las veces que Dios ha sido bueno conmigo.	Escribe "Dios ha sido bueno" si hoy puedes recordar una razón para agradecerle.	✍️ Escríbelo y compártelo con alguien que lo necesite. — Aclama a Dios
Bendice, alma mía, a Jehová, y bendiga todo mi ser su santo nombre.	Salmos 103:1	La gratitud no necesita esperar grandes acontecimientos; puede comenzar con reconocer lo que ya tienes hoy.	¿Qué cosa que forma parte de tu vida cotidiana agradeces más de lo que acostumbras decir?	🤍 Compártelo en los comentarios. — Aclama a Dios	Padre, abre mis ojos para reconocer las bendiciones cotidianas que muchas veces doy por sentadas.	Declaro que practicaré la gratitud incluso en los días ordinarios.	Escribe "Hoy agradezco" y menciona una bendición sencilla de tu día.	✍️ Escríbelo y compártelo con alguien que lo necesite. — Aclama a Dios
El principio de la sabiduría es el temor de Jehová; los insensatos desprecian la sabiduría y la enseñanza.	Proverbios 1:7	Aprender a escuchar consejos también requiere reconocer que no siempre tenemos toda la razón.	¿Qué consejo recibido en el momento correcto terminó ayudándote?	🤍 Compártelo en los comentarios. — Aclama a Dios	Señor, dame humildad para escuchar consejos sabios y reconocer aquello que todavía necesito aprender.	Declaro que mantendré un corazón dispuesto a aprender y corregir.	Escribe "Quiero aprender" si estás dispuesto a recibir sabiduría.	✍️ Escríbelo y compártelo con alguien que lo necesite. — Aclama a Dios
El que tiene misericordia de los pobres es bienaventurado.	Proverbios 14:21	La generosidad no siempre consiste en dar grandes cosas; muchas veces comienza prestando atención a una necesidad cercana.	¿Qué acto de bondad puedes realizar esta semana sin esperar nada a cambio?	🤍 Compártelo en los comentarios. — Aclama a Dios	Padre, hazme sensible ante las necesidades de quienes están cerca de mí y dispuesto a ayudar.	Declaro que buscaré oportunidades para practicar la bondad de manera sincera.	Escribe "Seré una bendición" si hoy quieres ayudar a alguien de corazón.	✍️ Escríbelo y compártelo con alguien que lo necesite. — Aclama a Dios
El que encubre sus pecados no prosperará; mas el que los confiesa y se aparta alcanzará misericordia.	Proverbios 28:13	Reconocer una equivocación puede abrir la puerta a una transformación que nunca comienza mientras intentamos esconderla.	¿Qué enseñanza importante obtuviste después de reconocer un error?	🤍 Compártelo en los comentarios. — Aclama a Dios	Señor, dame honestidad para reconocer mis fallas y humildad para buscar un cambio verdadero.	Declaro que mis errores serán oportunidades de aprendizaje y no cadenas que me detengan.	Escribe "Quiero cambiar" si hoy estás dispuesto a corregir algo en tu vida.	✍️ Escríbelo y compártelo con alguien que lo necesite. — Aclama a Dios
El que refrena sus labios y su lengua, su alma guarda de angustias.	Proverbios 21:23	Guardar silencio en el momento correcto puede evitar conflictos que después son mucho más difíciles de solucionar.	¿Qué te ayuda a pensar antes de hablar cuando estás bajo presión?	🤍 Compártelo en los comentarios. — Aclama a Dios	Padre, dame dominio propio para no hablar desde el enojo ni desde la impulsividad.	Declaro que pensaré antes de hablar y procuraré que mis palabras construyan.	Escribe "Mis palabras darán vida" si hoy quieres hablar con mayor sabiduría.	✍️ Escríbelo y compártelo con alguien que lo necesite. — Aclama a Dios
La soberbia del hombre le abate; pero al humilde de espíritu sustenta la honra.	Proverbios 29:23	La humildad permite reconocer que todavía puedes aprender incluso cuando ya tienes experiencia.	¿Qué área de tu vida te ha enseñado a ser más humilde?	🤍 Compártelo en los comentarios. — Aclama a Dios	Señor, ayúdame a permanecer humilde cuando las cosas me salgan bien y a aprender de los demás.	Declaro que elegiré la humildad por encima de la necesidad de demostrar que siempre tengo razón.	Escribe "Enséñame humildad" si deseas seguir creciendo interiormente.	✍️ Escríbelo y compártelo con alguien que lo necesite. — Aclama a Dios
El que anda en integridad anda confiado; mas el que pervierte sus caminos será quebrantado.	Proverbios 10:9	Vivir con integridad significa procurar que tus acciones coincidan con aquello que dices valorar.	¿Qué principio quieres mantener firme aunque nadie esté observando?	🤍 Compártelo en los comentarios. — Aclama a Dios	Padre, ayúdame a vivir con honestidad y coherencia tanto en público como cuando nadie me observa.	Declaro que buscaré vivir con integridad en mis decisiones pequeñas y grandes.	Escribe "Elegiré la integridad" si hoy quieres mantener firmes tus principios.	✍️ Escríbelo y compártelo con alguien que lo necesite. — Aclama a Dios
El que sigue la justicia y la misericordia hallará la vida, la justicia y la honra.	Proverbios 21:21	La forma en que tratas a los demás también habla de los valores que llevas dentro.	¿Qué valor deseas demostrar más con tus acciones durante esta semana?	🤍 Compártelo en los comentarios. — Aclama a Dios	Señor, ayúdame a actuar con justicia, misericordia y respeto hacia cada persona que encuentre.	Declaro que mis acciones reflejarán los valores que deseo cultivar en mi corazón.	Escribe "Viviré con propósito" si quieres que tus acciones reflejen tu fe.	✍️ Escríbelo y compártelo con alguien que lo necesite. — Aclama a Dios
El que fácilmente se enoja hará locuras; y el hombre perverso será aborrecido.	Proverbios 14:17	La paciencia no elimina los problemas, pero puede evitar que una reacción impulsiva cree problemas nuevos.	¿Qué haces para recuperar la calma cuando algo no sale como esperabas?	🤍 Compártelo en los comentarios. — Aclama a Dios	Señor, ayúdame a controlar mis reacciones y a responder con serenidad ante las dificultades.	Declaro que no permitiré que un momento de enojo controle mis decisiones.	Escribe "Tendré paciencia" si hoy quieres practicar el dominio propio.	✍️ Escríbelo y compártelo con alguien que lo necesite. — Aclama a Dios
El que ama la instrucción ama la sabiduría; mas el que aborrece la reprensión es ignorante.	Proverbios 12:1	Aceptar una corrección con humildad puede ser incómodo, pero también puede ayudarte a descubrir algo que necesitas mejorar.	¿Qué corrección recibiste alguna vez que terminó ayudándote a crecer?	🤍 Compártelo en los comentarios. — Aclama a Dios	Padre, dame madurez para aceptar correcciones cuando puedan ayudarme a mejorar.	Declaro que recibiré las enseñanzas con humildad y las convertiré en crecimiento.	Escribe "Estoy dispuesto a aprender" si hoy quieres mantener una actitud enseñable.	✍️ Escríbelo y compártelo con alguien que lo necesite. — Aclama a Dios
El que confía en sus riquezas caerá; mas los justos reverdecerán como ramas.	Proverbios 11:28	Las cosas materiales pueden cambiar rápidamente, por eso vale la pena construir también aquello que no depende de ellas.	¿Qué aspecto de tu vida consideras más valioso que cualquier posesión material?	🤍 Compártelo en los comentarios. — Aclama a Dios	Señor, ayúdame a valorar lo eterno y a no medir mi vida únicamente por lo que poseo.	Declaro que mi identidad y mi esperanza no dependerán de mis bienes materiales.	Escribe "Mi tesoro está en Dios" si quieres poner tus prioridades en perspectiva.	✍️ Escríbelo y compártelo con alguien que lo necesite. — Aclama a Dios
El hombre propone, y Dios dispone.	Proverbios 16:9	Aunque hagas planes con cuidado, también necesitas estar dispuesto a adaptarte cuando el camino cambie.	¿Qué plan de tu vida terminó tomando un rumbo diferente al que imaginabas?	🤍 Compártelo en los comentarios. — Aclama a Dios	Padre, dame flexibilidad y confianza cuando mis planes no resulten como esperaba.	Declaro que podré ajustar mis planes sin perder mi confianza en Dios.	Escribe "Dios dirige mis pasos" si hoy entregas tus planes a Él.	✍️ Escríbelo y compártelo con alguien que lo necesite. — Aclama a Dios
Mejor es el poco con justicia que el mucho con injusticia.	Proverbios 16:8	No todo lo que parece abundancia representa bienestar; también importa la manera en que obtenemos aquello que tenemos.	¿Qué valor no estarías dispuesto a sacrificar por conseguir algo que deseas?	🤍 Compártelo en los comentarios. — Aclama a Dios	Señor, ayúdame a mantener mis principios aun cuando tomar el camino correcto parezca más difícil.	Declaro que no sacrificaré mis valores por obtener resultados rápidos.	Escribe "Mantendré mis principios" si hoy eliges hacer lo correcto.	✍️ Escríbelo y compártelo con alguien que lo necesite. — Aclama a Dios
La congoja en el corazón del hombre lo abate; mas la buena palabra lo alegra.	Proverbios 12:25	Una palabra oportuna puede tener un impacto enorme en alguien que está atravesando un momento complicado.	¿Quién necesita escuchar hoy una palabra sincera de ánimo de tu parte?	🤍 Compártelo en los comentarios. — Aclama a Dios	Señor, pon delante de mí a las personas que necesitan una palabra de esperanza y dame sabiduría para animarlas.	Declaro que mis palabras pueden convertirse en una fuente de ánimo para quienes me rodean.	Escribe "Daré una palabra de ánimo" si hoy quieres levantar el corazón de alguien.	✍️ Escríbelo y compártelo con alguien que lo necesite. — Aclama a Dios
El amigo ama en todo tiempo, y es como un hermano en tiempo de angustia.	Proverbios 17:17	La amistad verdadera se demuestra especialmente cuando las circunstancias dejan de ser fáciles.	¿Qué amigo ha estado contigo durante una etapa difícil de tu vida?	🤍 Compártelo en los comentarios. — Aclama a Dios	Padre, gracias por las personas que has puesto en mi camino y ayúdame a ser también un amigo fiel.	Declaro que cuidaré y valorar é las relaciones que han demostrado amor y fidelidad.	Escribe "Gracias por mis amigos" si hoy tienes a alguien especial que agradecer.	✍️ Escríbelo y compártelo con alguien que lo necesite. — Aclama a Dios
El amor cubrirá multitud de pecados.	1 Pedro 4:8	Perdonar no significa olvidar lo ocurrido, sino decidir que el dolor no tendrá que controlar para siempre tu manera de vivir.	¿Hay alguna persona por la que necesitas comenzar a orar para poder sanar una herida?	🤍 Compártelo en los comentarios. — Aclama a Dios	Señor, ayúdame a sanar las heridas que todavía llevo y dame un corazón dispuesto a perdonar.	Declaro que buscaré libertad interior en lugar de permanecer atado al resentimiento.	Escribe "Quiero sanar" si hoy deseas comenzar un proceso de perdón.	✍️ Escríbelo y compártelo con alguien que lo necesite. — Aclama a Dios
Antes sed benignos unos con otros, misericordiosos, perdonándoos unos a otros.	Efesios 4:32	La bondad cotidiana puede parecer pequeña para quien la realiza, pero puede ser enorme para quien la recibe.	¿Qué gesto sencillo de bondad recuerdas con especial cariño?	🤍 Compártelo en los comentarios. — Aclama a Dios	Padre, hazme una persona más compasiva, paciente y generosa con quienes encuentro cada día.	Declaro que procuraré responder con bondad incluso cuando no sea lo más fácil.	Escribe "Elegiré la bondad" si hoy quieres hacer algo bueno por alguien.	✍️ Escríbelo y compártelo con alguien que lo necesite. — Aclama a Dios
Sobrellevad los unos las cargas de los otros, y cumplid así la ley de Cristo.	Gálatas 6:2	Nadie debería sentir que tiene que enfrentar absolutamente todo en soledad; una palabra de apoyo también puede aliviar una carga.	¿A quién podrías ofrecerle tu ayuda o compañía durante esta semana?	🤍 Compártelo en los comentarios. — Aclama a Dios	Señor, muéstrame a quién puedo ayudar y dame disposición para acompañarlo con sinceridad.	Declaro que estaré dispuesto a servir y apoyar a quienes necesiten una mano amiga.	Escribe "Cuenta conmigo" si hoy quieres estar disponible para alguien.	✍️ Escríbelo y compártelo con alguien que lo necesite. — Aclama a Dios
Llevad los unos las cargas de los otros, y cumplid así la ley de Cristo.	Gálatas 6:2	Compartir una carga no siempre requiere resolverla; a veces basta con escuchar y permanecer presente.	¿Quién ha sido esa persona que te escuchó cuando más necesitabas hablar?	🤍 Compártelo en los comentarios. — Aclama a Dios	Padre, enséñame a escuchar sin juzgar y a acompañar con paciencia a quien atraviesa una dificultad.	Declaro que seré una presencia de apoyo para las personas que Dios coloque cerca de mí.	Escribe "Estoy para ayudarte" si hoy quieres ofrecer apoyo a alguien.	✍️ Escríbelo y compártelo con alguien que lo necesite. — Aclama a Dios
Gozaos con los que se gozan; llorad con los que lloran.	Romanos 12:15	La empatía consiste en aprender a acompañar a otros tanto en sus alegrías como en sus momentos de dolor.	¿Te resulta más fácil celebrar los logros de otros o acompañarlos cuando sufren?	🤍 Compártelo en los comentarios. — Aclama a Dios	Señor, dame un corazón sensible para alegrarme sinceramente con otros y acompañarlos cuando estén tristes.	Declaro que aprenderé a compartir las alegrías y las cargas de quienes me rodean.	Escribe "Quiero tener empatía" si deseas aprender a acompañar mejor a otros.	✍️ Escríbelo y compártelo con alguien que lo necesite. — Aclama a Dios
Si es posible, en cuanto dependa de vosotros, estad en paz con todos los hombres.	Romanos 12:18	No siempre podrás controlar la actitud de los demás, pero sí puedes decidir qué clase de respuesta darás.	¿Qué relación te está enseñando actualmente a practicar más paciencia?	🤍 Compártelo en los comentarios. — Aclama a Dios	Padre, dame sabiduría para buscar la reconciliación cuando sea posible y paz cuando no pueda controlar el resultado.	Declaro que haré mi parte para construir relaciones más pacíficas.	Escribe "Buscaré la paz" si hoy quieres aportar tranquilidad a tus relaciones.	✍️ Escríbelo y compártelo con alguien que lo necesite. — Aclama a Dios
No paguéis a nadie mal por mal; procurad lo bueno delante de todos los hombres.	Romanos 12:17	Responder al daño con más daño puede prolongar una cadena que solo termina generando nuevas heridas.	¿Qué te ayuda a no responder impulsivamente cuando alguien te trata mal?	🤍 Compártelo en los comentarios. — Aclama a Dios	Señor, ayúdame a romper ciclos de enojo y a responder de una manera que refleje mis valores.	Declaro que no permitiré que las acciones de otros determinen mi manera de actuar.	Escribe "Romperé el ciclo" si hoy eliges responder de una manera diferente.	✍️ Escríbelo y compártelo con alguien que lo necesite. — Aclama a Dios
Amaos los unos a los otros con amor fraternal; en cuanto a honra, prefiriéndoos los unos a los otros.	Romanos 12:10	Valorar a otras personas también significa reconocer sus esfuerzos y darles el lugar que merecen.	¿A quién podrías reconocer o agradecer públicamente por algo que ha hecho por ti?	🤍 Compártelo en los comentarios. — Aclama a Dios	Señor, ayúdame a reconocer el valor de las personas que forman parte de mi vida.	Declaro que practicaré el respeto y la honra hacia quienes me rodean.	Escribe "Hoy agradezco a alguien" si tienes una persona a quien reconocer.	✍️ Escríbelo y compártelo con alguien que lo necesite. — Aclama a Dios
Y considerémonos unos a otros para estimularnos al amor y a las buenas obras.	Hebreos 10:24	Una comunidad puede fortalecerse cuando sus integrantes se animan mutuamente a hacer el bien.	¿Quién te inspira a ser una mejor persona con su ejemplo?	🤍 Compártelo en los comentarios. — Aclama a Dios	Padre, ayúdame a ser una influencia positiva y a motivar a otros con mis palabras y acciones.	Declaro que procuraré inspirar buenas acciones en las personas que me rodean.	Escribe "Quiero inspirar el bien" si deseas ser una influencia positiva.	✍️ Escríbelo y compártelo con alguien que lo necesite. — Aclama a Dios
Y todo lo que hacéis, sea de palabra o de hecho, hacedlo todo en el nombre del Señor Jesús.	Colosenses 3:17	La fe también puede reflejarse en la manera en que realizas las tareas más comunes de tu día.	¿Qué actividad cotidiana quieres realizar hoy con una actitud más consciente y agradecida?	🤍 Compártelo en los comentarios. — Aclama a Dios	Señor, ayúdame a recordar que incluso mis tareas sencillas pueden realizarse con propósito y gratitud.	Declaro que buscaré honrar a Dios también mediante mis acciones cotidianas.	Escribe "Todo con propósito" si hoy quieres vivir cada actividad con intención.	✍️ Escríbelo y compártelo con alguien que lo necesite. — Aclama a Dios
Y cualquiera que dé a uno de estos pequeñitos un vaso de agua fría solamente, por cuanto es discípulo, de cierto os digo que no perderá su recompensa.	Mateo 10:42	Un gesto sencillo puede demostrar que todavía existe disposición para cuidar a los demás.	¿Qué pequeño favor puedes hacer hoy para facilitarle el día a otra persona?	🤍 Compártelo en los comentarios. — Aclama a Dios	Padre, abre mis ojos para reconocer oportunidades sencillas de servir y ayudar a quienes me rodean.	Declaro que no pasaré por alto las pequeñas oportunidades de hacer el bien.	Escribe "Haré el bien hoy" si quieres convertir una pequeña acción en una bendición.	✍️ Escríbelo y compártelo con alguien que lo necesite. — Aclama a Dios
Y el Dios de paz sea con todos vosotros. Amén.	Romanos 15:33	La paz también puede crecer cuando dejamos de intentar controlar cada resultado y aprendemos a aceptar lo que no depende de nosotros.	¿Qué situación necesitas dejar de controlar para recuperar tranquilidad?	🤍 Compártelo en los comentarios. — Aclama a Dios	Señor, enséñame a distinguir entre aquello que puedo cambiar y aquello que debo entregarte.	Declaro que soltaré aquello que está fuera de mi control y cuidaré mi paz.	Escribe "Lo dejo en manos de Dios" si hoy decides soltar una preocupación.	✍️ Escríbelo y compártelo con alguien que lo necesite. — Aclama a Dios
Que el Dios de esperanza os llene de todo gozo y paz en el creer.	Romanos 15:13	La esperanza puede darte una razón para seguir avanzando incluso cuando el presente todavía no parece claro.	¿Qué esperanza quieres conservar viva durante esta nueva etapa de tu vida?	🤍 Compártelo en los comentarios. — Aclama a Dios	Padre, llena mi corazón de esperanza cuando el futuro parezca incierto y ayúdame a continuar.	Declaro que mantendré viva la esperanza aun cuando todavía no conozca el resultado.	Escribe "Tengo esperanza" si hoy decides mirar hacia adelante con fe.	✍️ Escríbelo y compártelo con alguien que lo necesite. — Aclama a Dios
El Dios eterno es Jehová, el cual creó los confines de la tierra.	Isaías 40:28	Recordar la grandeza de Dios puede ayudarte a poner tus problemas en una perspectiva diferente.	¿Qué preocupación parece enorme hoy pero podría verse diferente cuando la mires con más calma?	🤍 Compártelo en los comentarios. — Aclama a Dios	Señor, ayúdame a recordar tu grandeza cuando mis problemas parezcan ocupar todo mi pensamiento.	Declaro que no permitiré que una dificultad sea más grande en mi mente que mi confianza en Dios.	Escribe "Dios es más grande" si hoy quieres recordar Su grandeza.	✍️ Escríbelo y compártelo con alguien que lo necesite. — Aclama a Dios
Los que esperan a Jehová tendrán nuevas fuerzas; levantarán alas como las águilas.	Isaías 40:31	Esperar no siempre es estar quieto; también puede significar prepararte mientras confías en que llegará el momento adecuado.	¿Qué estás esperando que suceda y cómo puedes prepararte mientras tanto?	🤍 Compártelo en los comentarios. — Aclama a Dios	Padre, renueva mis fuerzas mientras espero y ayúdame a utilizar este tiempo para crecer.	Declaro que mi espera también puede ser una etapa de preparación y crecimiento.	Escribe "Nuevas fuerzas" si hoy necesitas renovar tu esperanza.	✍️ Escríbelo y compártelo con alguien que lo necesite. — Aclama a Dios
No temas, porque yo estoy contigo; no desmayes, porque yo soy tu Dios que te esfuerzo.	Isaías 41:10	El miedo puede aparecer sin pedir permiso, pero no tiene que decidir por ti.	¿Qué miedo estás dispuesto a enfrentar paso a paso?	🤍 Compártelo en los comentarios. — Aclama a Dios	Señor, acompáñame cuando el miedo aparezca y ayúdame a actuar con sabiduría en lugar de quedarme paralizado.	Declaro que avanzaré paso a paso sin permitir que el miedo gobierne mis decisiones.	Escribe "No voy a retroceder" si hoy eliges avanzar a pesar del temor.	✍️ Escríbelo y compártelo con alguien que lo necesite. — Aclama a Dios
Cuando pases por las aguas, yo estaré contigo; y si por los ríos, no te anegarán.	Isaías 43:2	Las dificultades pueden sentirse como una corriente fuerte, pero atravesarlas paso a paso es diferente a enfrentarlas imaginando todo de una vez.	¿Qué dificultad estás atravesando actualmente que quieres entregar a Dios?	🤍 Compártelo en los comentarios. — Aclama a Dios	Padre, acompáñame durante cada etapa difícil y dame serenidad para enfrentar un día a la vez.	Declaro que enfrentaré cada dificultad paso a paso sin perder mi esperanza.	Escribe "Dios caminará conmigo" si hoy confías en Su compañía.	✍️ Escríbelo y compártelo con alguien que lo necesite. — Aclama a Dios
No te acuerdes de las cosas pasadas, ni traigas a memoria las cosas antiguas.	Isaías 43:18	El pasado puede enseñarte, pero no tiene que convertirse en una habitación donde permanezcas viviendo para siempre.	¿Qué experiencia del pasado estás listo para dejar atrás?	🤍 Compártelo en los comentarios. — Aclama a Dios	Señor, ayúdame a aprender de mi pasado sin permanecer atrapado en aquello que ya terminó.	Declaro que miraré hacia adelante sin permitir que mis antiguas heridas controlen mi presente.	Escribe "Voy hacia adelante" si hoy decides avanzar.	✍️ Escríbelo y compártelo con alguien que lo necesite. — Aclama a Dios
He aquí que yo hago cosa nueva; pronto saldrá a luz; ¿no la conoceréis?	Isaías 43:19	Una nueva etapa puede comenzar incluso cuando todavía no sabes exactamente cómo será.	¿Qué cambio positivo te gustaría ver comenzar en tu vida?	🤍 Compártelo en los comentarios. — Aclama a Dios	Padre, prepara mi corazón para recibir nuevas oportunidades sin aferrarme demasiado a lo que ya terminó.	Declaro que recibiré los nuevos comienzos con fe, sabiduría y esperanza.	Escribe "Estoy listo para lo nuevo" si hoy quieres abrirte a una nueva etapa.	✍️ Escríbelo y compártelo con alguien que lo necesite. — Aclama a Dios
Porque yo sé los pensamientos que tengo acerca de vosotros, dice Jehová, pensamientos de paz, y no de mal.	Jeremías 29:11	Los planes pueden cambiar, pero tener esperanza te permite continuar construyendo mientras esperas descubrir el siguiente paso.	¿Qué parte de tu futuro estás poniendo en las manos de Dios?	🤍 Compártelo en los comentarios. — Aclama a Dios	Señor, ayúdame a caminar hacia mi futuro sin vivir dominado por la incertidumbre.	Declaro que miraré mi futuro con esperanza y no con temor.	Escribe "Confío en mi futuro" si hoy decides avanzar con esperanza.	✍️ Escríbelo y compártelo con alguien que lo necesite. — Aclama a Dios
Invócame en el día de la angustia; te libraré, y tú me honrarás.	Salmos 50:15	Orar en momentos difíciles puede ayudarte a expresar aquello que muchas veces no sabes cómo explicar a otras personas.	¿Qué preocupación necesitas presentar hoy delante de Dios?	🤍 Compártelo en los comentarios. — Aclama a Dios	Padre, recibe mis preocupaciones y ayúdame a no cargar en silencio aquello que puedo entregarte en oración.	Declaro que acudiré a Dios cuando necesite dirección, consuelo o fortaleza.	Escribe "Hoy voy a orar" si tienes una situación que deseas poner delante de Dios.	✍️ Escríbelo y compártelo con alguien que lo necesite. — Aclama a Dios
Ciertamente el bien y la misericordia me seguirán todos los días de mi vida.	Salmos 23:6	No todos los días serán iguales, pero cada día puede traer una nueva oportunidad para reconocer algo bueno.	¿Qué bendición deseas aprender a reconocer con mayor frecuencia?	🤍 Compártelo en los comentarios. — Aclama a Dios	Señor, enséñame a reconocer tu bondad incluso cuando mi día no sea como esperaba.	Declaro que buscaré razones para agradecer en cada etapa de mi vida.	Escribe "Reconozco Su bondad" si hoy decides mirar con gratitud.	✍️ Escríbelo y compártelo con alguien que lo necesite. — Aclama a Dios
En Dios está mi salvación y mi gloria; en Dios está mi roca fuerte, y mi refugio.	Salmos 62:7	Cuando todo parece moverse a tu alrededor, tener un lugar espiritual donde descansar puede ayudarte a recuperar estabilidad.	¿Qué haces cuando necesitas volver a sentir tranquilidad después de un día pesado?	🤍 Compártelo en los comentarios. — Aclama a Dios	Padre, sé mi estabilidad cuando todo alrededor parezca incierto y ayúdame a volver mi corazón hacia ti.	Declaro que mi confianza tendrá una base firme aun cuando mis circunstancias cambien.	Escribe "Dios es mi roca" si hoy quieres permanecer firme en Él.	✍️ Escríbelo y compártelo con alguien que lo necesite. — Aclama a Dios
Ciertamente es bueno Dios para con Israel, para con los limpios de corazón.	Salmos 73:1	La bondad de Dios puede reconocerse incluso cuando todavía existen preguntas que no tienen una respuesta inmediata.	¿Qué pregunta estás aprendiendo a llevar con fe mientras esperas comprenderla?	🤍 Compártelo en los comentarios. — Aclama a Dios	Señor, dame paciencia para vivir con aquellas preguntas que todavía no puedo responder.	Declaro que puedo continuar confiando aun cuando todavía existan cosas que no comprendo.	Escribe "Confío aunque no comprenda" si hoy decides mantener tu fe.	✍️ Escríbelo y compártelo con alguien que lo necesite. — Aclama a Dios
Alzaré mis ojos a los montes; ¿de dónde vendrá mi socorro?	Mateo 6:33	Cuando buscas ayuda, también es importante recordar que no tienes que resolver toda tu vida en un solo día.	¿Qué problema estás intentando solucionar poco a poco?	🤍 Compártelo en los comentarios. — Aclama a Dios	Señor, dame claridad para concentrarme en el siguiente paso en lugar de preocuparme por todo al mismo tiempo.	Declaro que avanzaré un paso a la vez sin exigir respuestas inmediatas para todo.	Escribe "Un paso a la vez" si hoy decides avanzar sin apresurarte.	✍️ Escríbelo y compártelo con alguien que lo necesite. — Aclama a Dios
Porque el Hijo del Hombre vino a buscar y a salvar lo que se había perdido.	Lucas 19:10	Nadie está obligado a permanecer para siempre en la versión de sí mismo que existió durante una etapa difícil.	¿Qué área de tu vida deseas recuperar y comenzar a reconstruir?	🤍 Compártelo en los comentarios. — Aclama a Dios	Padre, ayúdame a recuperar aquello que necesita restauración y dame fuerza para comenzar nuevamente.	Declaro que siempre existe espacio para reconstruir con fe, paciencia y propósito.	Escribe "Puedo comenzar otra vez" si hoy decides recuperar la esperanza.	✍️ Escríbelo y compártelo con alguien que lo necesite. — Aclama a Dios
El que tiene al Hijo, tiene la vida; el que no tiene al Hijo de Dios no tiene la vida.	1 Juan 5:12	La fe no se trata solamente de momentos extraordinarios; también puede transformar la manera en que vives cada día.	¿Qué aspecto de tu vida diaria deseas alinear más con tu fe?	🤍 Compártelo en los comentarios. — Aclama a Dios	Señor, ayúdame a llevar mi fe más allá de las palabras y reflejarla en mis decisiones cotidianas.	Declaro que mi manera de vivir buscará reflejar aquello que creo.	Escribe "Mi fe se verá en mis acciones" si deseas vivir tu fe de manera práctica.	✍️ Escríbelo y compártelo con alguien que lo necesite. — Aclama a Dios
Y todo lo que pidiereis en oración, creyendo, lo recibiréis.	Mateo 21:22	La oración también puede transformar tu manera de enfrentar una situación mientras esperas una respuesta.	¿Qué petición llevas tiempo presentando delante de Dios?	🤍 Compártelo en los comentarios. — Aclama a Dios	Padre, recibe mis peticiones y ayúdame a mantener una actitud de fe y paciencia mientras espero.	Declaro que continuaré orando sin abandonar la esperanza.	Escribe "Seguiré orando" si hoy decides mantener esa petición delante de Dios.	✍️ Escríbelo y compártelo con alguien que lo necesite. — Aclama a Dios
Pedid, y se os dará; buscad, y hallaréis; llamad, y se os abrirá.	Mateo 7:7	Buscar respuestas también implica estar dispuesto a dar pasos concretos cuando aparece una oportunidad.	¿Qué puerta estás esperando que se abra en este momento de tu vida?	🤍 Compártelo en los comentarios. — Aclama a Dios	Señor, dame discernimiento para reconocer las oportunidades que vienen de ti y valentía para actuar.	Declaro que estaré atento a las oportunidades y dispuesto a avanzar con sabiduría.	Escribe "Estoy preparado" si hoy quieres estar listo para la oportunidad correcta.	✍️ Escríbelo y compártelo con alguien que lo necesite. — Aclama a Dios
Y he aquí yo estoy con vosotros todos los días, hasta el fin del mundo.	Mateo 28:20	Hay días en los que necesitas recordar que la compañía de Dios no depende de que todo vaya bien.	¿En qué momento del día necesitas recordar más que Dios está contigo?	🤍 Compártelo en los comentarios. — Aclama a Dios	Padre, ayúdame a recordar tu compañía tanto en mis días buenos como en aquellos que me cuestan más.	Declaro que viviré cada jornada consciente de que Dios está conmigo.	Escribe "No estoy solo" si hoy quieres recordar la compañía de Dios.	✍️ Escríbelo y compártelo con alguien que lo necesite. — Aclama a Dios
Y el que persevere hasta el fin, éste será salvo.	Mateo 24:13	La perseverancia se construye muchas veces en pequeñas decisiones repetidas cuando nadie está mirando.	¿Qué hábito estás intentando mantener aunque todavía te cueste ser constante?	🤍 Compártelo en los comentarios. — Aclama a Dios	Señor, dame constancia para mantenerme firme cuando la motivación disminuya.	Declaro que aprenderé a ser constante incluso cuando no tenga ganas de continuar.	Escribe "No me rendiré" si hoy decides mantenerte firme.	✍️ Escríbelo y compártelo con alguien que lo necesite. — Aclama a Dios
Y cualquiera que dé a uno de estos pequeños un vaso de agua fría solamente, por cuanto es discípulo, de cierto os digo que no perderá su recompensa.	Mateo 10:42	Servir no siempre requiere grandes recursos; una acción sencilla también puede expresar amor.	¿Qué pequeño servicio puedes ofrecer hoy a alguien de tu familia?	🤍 Compártelo en los comentarios. — Aclama a Dios	Señor, dame un corazón dispuesto a servir sin buscar reconocimiento.	Declaro que encontraré maneras sencillas de servir con alegría.	Escribe "Serviré con amor" si hoy quieres ayudar a alguien.	✍️ Escríbelo y compártelo con alguien que lo necesite. — Aclama a Dios
Y el que quiera hacerse grande entre vosotros será vuestro servidor.	Marcos 10:43	El liderazgo también puede expresarse mediante el servicio, la responsabilidad y la disposición para ayudar.	¿Qué significa para ti servir a los demás de manera sincera?	🤍 Compártelo en los comentarios. — Aclama a Dios	Padre, enséñame a servir sin buscar aplausos y a poner mis capacidades al beneficio de otros.	Declaro que usaré lo que tengo para servir y aportar algo bueno a quienes me rodean.	Escribe "Quiero servir" si deseas poner tus dones al servicio de otros.	✍️ Escríbelo y compártelo con alguien que lo necesite. — Aclama a Dios
Porque cualquiera que se enaltece será humillado; y el que se humilla será enaltecido.	Lucas 14:11	No necesitas demostrar constantemente tu valor; también puedes permitir que tus acciones hablen por ti.	¿Qué situación te enseñó que la humildad puede ser más valiosa que tener la razón?	🤍 Compártelo en los comentarios. — Aclama a Dios	Señor, ayúdame a mantener los pies sobre la tierra cuando reciba reconocimiento.	Declaro que no necesitaré estar por encima de otros para reconocer mi propio valor.	Escribe "Elegiré la humildad" si hoy quieres caminar con un corazón humilde.	✍️ Escríbelo y compártelo con alguien que lo necesite. — Aclama a Dios
El que es fiel en lo muy poco, también en lo más es fiel.	Lucas 16:10	Las grandes transformaciones suelen comenzar con decisiones pequeñas que repetimos durante mucho tiempo.	¿Qué pequeño cambio puedes comenzar hoy que beneficie tu futuro?	🤍 Compártelo en los comentarios. — Aclama a Dios	Padre, ayúdame a valorar los pequeños comienzos y a ser constante con aquello que me has confiado.	Declaro que cuidaré los pequeños detalles porque también forman parte de mi propósito.	Escribe "Comenzaré pequeño" si hoy estás dispuesto a dar el primer paso.	✍️ Escríbelo y compártelo con alguien que lo necesite. — Aclama a Dios
Y el que quiera venir en pos de mí, niéguese a sí mismo, tome su cruz cada día, y sígame.	Lucas 9:23	Seguir una convicción profunda también implica tomar decisiones que requieren disciplina y perseverancia.	¿Qué decisión diaria te ayuda a mantenerte cerca de Dios?	🤍 Compártelo en los comentarios. — Aclama a Dios	Señor, ayúdame a mantenerme firme en mis convicciones aun cuando requieran esfuerzo y disciplina.	Declaro que mis decisiones diarias estarán alineadas con mi fe y mis principios.	Escribe "Seguiré firme" si hoy quieres permanecer constante en tu camino.	✍️ Escríbelo y compártelo con alguien que lo necesite. — Aclama a Dios
Bienaventurados los pacificadores, porque ellos serán llamados hijos de Dios.	Mateo 5:9	Crear paz muchas veces requiere escuchar primero y reaccionar después.	¿Qué conflicto de tu entorno necesita hoy una actitud más pacífica?	🤍 Compártelo en los comentarios. — Aclama a Dios	Padre, úsame para llevar tranquilidad donde existan discusiones, tensión o malos entendidos.	Declaro que buscaré ser una persona que construya puentes en lugar de aumentar conflictos.	Escribe "Seré un pacificador" si hoy quieres aportar paz a tu entorno.	✍️ Escríbelo y compártelo con alguien que lo necesite. — Aclama a Dios
Bienaventurados los misericordiosos, porque ellos alcanzarán misericordia.	Mateo 5:7	La misericordia nos recuerda que todos podemos necesitar comprensión en algún momento de nuestra vida.	¿En qué situación podrías mostrar un poco más de misericordia?	🤍 Compártelo en los comentarios. — Aclama a Dios	Señor, enséñame a mirar las debilidades de otros con compasión en lugar de responder rápidamente con juicio.	Declaro que practicaré la misericordia aun cuando tenga razones para ser severo.	Escribe "Hoy mostraré misericordia" si quieres tratar a alguien con más compasión.	✍️ Escríbelo y compártelo con alguien que lo necesite. — Aclama a Dios
Bienaventurados los de limpio corazón, porque ellos verán a Dios.	Mateo 5:8	La sinceridad interior importa incluso cuando nadie conoce aquello que sucede dentro de nosotros.	¿Qué aspecto de tu corazón quieres entregar hoy a Dios con mayor sinceridad?	🤍 Compártelo en los comentarios. — Aclama a Dios	Padre, limpia mis intenciones y ayúdame a vivir con sinceridad delante de ti.	Declaro que buscaré cultivar un corazón sincero, limpio y dispuesto a aprender.	Escribe "Haz limpio mi corazón" si hoy quieres acercarte a Dios con sinceridad.	✍️ Escríbelo y compártelo con alguien que lo necesite. — Aclama a Dios
Bienaventurados los que tienen hambre y sed de justicia, porque ellos serán saciados.	Mateo 5:6	Desear hacer lo correcto puede ser difícil cuando hacerlo requiere paciencia o sacrificio.	¿Qué situación de tu entorno te gustaría ver transformada por la justicia y el bien?	🤍 Compártelo en los comentarios. — Aclama a Dios	Señor, dame valor para actuar con justicia y sensibilidad ante aquello que necesita ser corregido.	Declaro que procuraré hacer lo correcto incluso cuando nadie me esté observando.	Escribe "Elegiré lo correcto" si hoy decides actuar con justicia.	✍️ Escríbelo y compártelo con alguien que lo necesite. — Aclama a Dios
Bienaventurados los que padecen persecución por causa de la justicia, porque de ellos es el reino de los cielos.	Mateo 5:10	Mantener tus principios puede resultar difícil cuando otras personas no los comprenden.	¿Qué valor estarías dispuesto a defender aunque otros no estuvieran de acuerdo contigo?	🤍 Compártelo en los comentarios. — Aclama a Dios	Padre, dame firmeza para permanecer fiel a mis principios sin responder con orgullo ni resentimiento.	Declaro que permaneceré firme en aquello que considero correcto delante de Dios.	Escribe "Permaneceré firme" si hoy decides cuidar tus convicciones.	✍️ Escríbelo y compártelo con alguien que lo necesite. — Aclama a Dios
Vosotros sois la luz del mundo; una ciudad asentada sobre un monte no se puede esconder.	Mateo 5:14	Tus acciones pueden influir en otras personas incluso cuando no pretendes convertirte en ejemplo.	¿Qué actitud positiva te gustaría transmitir a las personas que conviven contigo?	🤍 Compártelo en los comentarios. — Aclama a Dios	Señor, ayúdame a reflejar bondad y esperanza en mis palabras y acciones.	Declaro que procuraré ser una influencia positiva dondequiera que me encuentre.	Escribe "Quiero ser luz" si deseas transmitir algo bueno a quienes te rodean.	✍️ Escríbelo y compártelo con alguien que lo necesite. — Aclama a Dios
Así alumbre vuestra luz delante de los hombres, para que vean vuestras buenas obras.	Mateo 5:16	No siempre necesitas explicar lo que crees; tus acciones pueden comunicar mucho por sí mismas.	¿Qué buena acción puedes realizar hoy sin esperar que nadie te felicite?	🤍 Compártelo en los comentarios. — Aclama a Dios	Padre, ayúdame a hacer el bien con humildad y sin necesidad de recibir reconocimiento.	Declaro que dejaré que mis acciones reflejen los valores que llevo en mi corazón.	Escribe "Haré el bien en silencio" si hoy quieres ayudar sin buscar reconocimiento.	✍️ Escríbelo y compártelo con alguien que lo necesite. — Aclama a Dios
Venid a mí todos los que estáis trabajados y cargados, y yo os haré descansar.	Mateo 11:28	Descansar también puede ser una decisión espiritual cuando reconoces que no puedes sostenerlo todo al mismo tiempo.	¿Qué carga necesitas aprender a soltar antes de terminar este día?	🤍 Compártelo en los comentarios. — Aclama a Dios	Señor, recibo tu invitación a descansar y te entrego aquello que pesa demasiado sobre mi corazón.	Declaro que aprenderé a descansar sin sentir que debo controlar cada detalle.	Escribe "Hoy descanso en Dios" si necesitas entregar una carga.	✍️ Escríbelo y compártelo con alguien que lo necesite. — Aclama a Dios
Llevad mi yugo sobre vosotros, y aprended de mí, que soy manso y humilde de corazón.	Mateo 11:29	La humildad también consiste en reconocer que siempre podemos aprender una manera mejor de vivir.	¿Qué enseñanza de Jesús quieres aplicar más en tu vida cotidiana?	🤍 Compártelo en los comentarios. — Aclama a Dios	Padre, enséñame a vivir con mansedumbre y humildad cuando las circunstancias pongan a prueba mi carácter.	Declaro que buscaré aprender de Jesús en mis decisiones y relaciones.	Escribe "Quiero aprender de Jesús" si hoy deseas acercarte más a Su enseñanza.	✍️ Escríbelo y compártelo con alguien que lo necesite. — Aclama a Dios
Porque mi yugo es fácil, y ligera mi carga.	Mateo 11:30	No tienes que cargar con preocupaciones imaginarias sobre problemas que todavía no han ocurrido.	¿Qué preocupación futura estás dispuesto a dejar de anticipar?	🤍 Compártelo en los comentarios. — Aclama a Dios	Señor, ayúdame a vivir el presente sin cargar desde hoy con problemas que todavía no existen.	Declaro que enfrentaré cada día cuando llegue y no viviré adelantado en mis preocupaciones.	Escribe "Viviré el presente" si hoy decides dejar de anticipar problemas.	✍️ Escríbelo y compártelo con alguien que lo necesite. — Aclama a Dios
Y Jesús crecía en sabiduría y en estatura, y en gracia para con Dios y los hombres.	Lucas 2:52	Crecer no consiste solamente en avanzar profesionalmente; también incluye madurar en carácter, sabiduría y relaciones.	¿En qué área de tu vida te gustaría experimentar mayor crecimiento?	🤍 Compártelo en los comentarios. — Aclama a Dios	Padre, ayúdame a crecer de manera integral y a desarrollar un carácter que refleje tu amor.	Declaro que buscaré crecer en sabiduría, carácter y amor durante cada etapa de mi vida.	Escribe "Quiero seguir creciendo" si hoy deseas trabajar en una nueva área de tu vida.	✍️ Escríbelo y compártelo con alguien que lo necesite. — Aclama a Dios
Y todo el que oye estas palabras y las hace, le compararé a un hombre prudente, que edificó su casa sobre la roca.	Mateo 7:24	Escuchar buenos consejos solamente tiene valor cuando también estás dispuesto a convertirlos en acciones.	¿Qué enseñanza que conoces necesitas comenzar a practicar realmente?	🤍 Compártelo en los comentarios. — Aclama a Dios	Señor, ayúdame a convertir lo que aprendo en decisiones concretas y hábitos que honren tu Palabra.	Declaro que no solamente escucharé la verdad, sino que procuraré vivirla.	Escribe "Lo pondré en práctica" si hoy quieres convertir una enseñanza en acción.	✍️ Escríbelo y compártelo con alguien que lo necesite. — Aclama a Dios
Y cualquiera que me oye estas palabras y no las hace, le compararé a un hombre insensato.	Mateo 7:26	Conocer lo correcto y practicarlo son dos cosas diferentes que necesitan caminar juntas.	¿Qué enseñanza sabes que necesitas comenzar a aplicar en tu vida?	🤍 Compártelo en los comentarios. — Aclama a Dios	Padre, dame disciplina para llevar a la práctica aquello que ya sé que debo hacer.	Declaro que buscaré coherencia entre lo que creo, digo y hago.	Escribe "Quiero ser coherente" si hoy deseas alinear tus acciones con tus valores.	✍️ Escríbelo y compártelo con alguien que lo necesite. — Aclama a Dios
Porque con el corazón se cree para justicia, pero con la boca se confiesa para salvación.	Romanos 10:10	Lo que llevas dentro termina influyendo en aquello que expresas y en las decisiones que tomas.	¿Qué verdad de tu fe quieres recordar especialmente durante esta semana?	🤍 Compártelo en los comentarios. — Aclama a Dios	Señor, fortalece mi interior para que mis palabras y mis acciones sean coherentes con mi fe.	Declaro que mi vida reflejará aquello que verdaderamente creo en mi corazón.	Escribe "Mi fe está viva" si deseas que tus acciones reflejen tu confianza en Dios.	✍️ Escríbelo y compártelo con alguien que lo necesite. — Aclama a Dios
Porque todo aquel que invocare el nombre del Señor, será salvo.	Romanos 10:13	La oración puede comenzar con algo tan sencillo como reconocer que necesitas a Dios.	¿Qué palabra describe mejor lo que deseas pedirle a Dios en este momento?	🤍 Compártelo en los comentarios. — Aclama a Dios	Padre, recibe mi oración y ayúdame a acercarme a ti con confianza y sinceridad.	Declaro que no esperaré a tener todo resuelto para acudir a Dios.	Escribe una palabra que represente tu oración de hoy y entrégasela a Dios.	✍️ Escríbelo y compártelo con alguien que lo necesite. — Aclama a Dios
Porque todo aquel que pide, recibe; y el que busca, halla; y al que llama, se abrirá.	Mateo 7:8	Buscar con perseverancia significa continuar dando pasos aunque una puerta todavía no se haya abierto.	¿Qué respuesta sigues esperando con paciencia?	🤍 Compártelo en los comentarios. — Aclama a Dios	Señor, dame paciencia para seguir buscando sin desesperarme cuando la respuesta tarde más de lo esperado.	Declaro que continuaré buscando con fe, paciencia y sabiduría.	Escribe "Seguiré buscando" si hoy decides no abandonar tu búsqueda.	✍️ Escríbelo y compártelo con alguien que lo necesite. — Aclama a Dios
El que quiera salvar su vida, la perderá; y el que pierda su vida por causa de mí, la hallará.	Mateo 16:25	A veces encontrar propósito requiere dejar atrás hábitos o prioridades que ya no aportan a la persona que quieres ser.	¿Qué hábito necesitas dejar para abrir espacio a algo mejor?	🤍 Compártelo en los comentarios. — Aclama a Dios	Padre, dame valentía para soltar aquello que me aleja de la vida que deseas para mí.	Declaro que tendré valor para dejar atrás lo que necesito transformar.	Escribe "Estoy dispuesto a cambiar" si hoy quieres abrir espacio para algo nuevo.	✍️ Escríbelo y compártelo con alguien que lo necesite. — Aclama a Dios
Porque todo el que se enaltece será humillado; y el que se humilla será enaltecido.	Lucas 18:14	No necesitas compararte con otros para demostrar que tu camino tiene valor.	¿Qué comparación te gustaría dejar atrás para concentrarte en tu propio proceso?	🤍 Compártelo en los comentarios. — Aclama a Dios	Señor, ayúdame a dejar las comparaciones y a valorar el camino que estás formando en mí.	Declaro que mediré mi crecimiento por mi propio proceso y no por la vida de otros.	Escribe "Dejaré las comparaciones" si hoy quieres enfocarte en tu propio camino.	✍️ Escríbelo y compártelo con alguien que lo necesite. — Aclama a Dios
Mas buscad el reino de Dios, y todas estas cosas os serán añadidas.	Lucas 12:31	Las prioridades que eliges pueden determinar qué ocupa la mayor parte de tu atención durante el día.	¿Qué prioridad espiritual quieres recuperar en esta etapa de tu vida?	🤍 Compártelo en los comentarios. — Aclama a Dios	Padre, ayúdame a ordenar mis prioridades y a no permitir que lo urgente desplace lo verdaderamente importante.	Declaro que cuidaré mi vida espiritual en medio de mis responsabilidades diarias.	Escribe "Dios es mi prioridad" si hoy quieres ordenar nuevamente tus prioridades.	✍️ Escríbelo y compártelo con alguien que lo necesite. — Aclama a Dios
El que es el mayor de vosotros sea vuestro siervo.	Mateo 23:11	La grandeza también puede medirse por la disposición que tienes para ayudar cuando nadie te está aplaudiendo.	¿Qué oportunidad tienes hoy para servir a otra persona?	🤍 Compártelo en los comentarios. — Aclama a Dios	Señor, dame un corazón dispuesto a servir sin esperar reconocimiento ni recompensa.	Declaro que usaré mi tiempo y capacidades para aportar algo bueno a los demás.	Escribe "Serviré hoy" si estás dispuesto a ayudar a alguien de manera desinteresada.	✍️ Escríbelo y compártelo con alguien que lo necesite. — Aclama a Dios
Porque cualquiera que haga la voluntad de Dios, éste es mi hermano, y hermana, y madre.	Marcos 3:35	La fe también se expresa en las decisiones que tomamos cuando nadie más está pendiente de ellas.	¿Qué decisión reciente tomaste buscando hacer lo correcto delante de Dios?	🤍 Compártelo en los comentarios. — Aclama a Dios	Padre, ayúdame a buscar tu voluntad antes de actuar impulsivamente según mis propios deseos.	Declaro que procuraré tomar decisiones coherentes con mi fe y mis valores.	Escribe "Quiero hacer Tu voluntad" si hoy deseas buscar dirección de Dios.	✍️ Escríbelo y compártelo con alguien que lo necesite. — Aclama a Dios
Mas el que perseverare hasta el fin, éste será salvo.	Mateo 10:22	La constancia se vuelve especialmente importante cuando el entusiasmo inicial desaparece.	¿Qué meta estás decidido a continuar aunque avance más lentamente de lo esperado?	🤍 Compártelo en los comentarios. — Aclama a Dios	Señor, dame firmeza para continuar cuando el cansancio quiera convencerme de abandonar.	Declaro que seguiré avanzando con paciencia aunque el proceso sea largo.	Escribe "Continuaré" si hoy decides permanecer firme en tu camino.	✍️ Escríbelo y compártelo con alguien que lo necesite. — Aclama a Dios
Porque donde esté vuestro tesoro, allí estará también vuestro corazón.	Mateo 6:21	La manera en que utilizas tu tiempo y atención revela mucho sobre aquello que realmente consideras importante.	¿En qué estás invirtiendo actualmente la mayor parte de tu tiempo?	🤍 Compártelo en los comentarios. — Aclama a Dios	Padre, ayúdame a invertir mi tiempo en aquello que realmente tiene valor y propósito.	Declaro que cuidaré mejor aquello a lo que entrego mi tiempo, atención y corazón.	Escribe "Quiero invertir mejor mi tiempo" si hoy deseas revisar tus prioridades.	✍️ Escríbelo y compártelo con alguien que lo necesite. — Aclama a Dios
No os hagáis tesoros en la tierra, donde la polilla y el orín corrompen.	Mateo 6:19	Las posesiones pueden ser útiles, pero no deberían convertirse en la única medida del éxito o la felicidad.	¿Qué valor de tu vida no puede comprarse con dinero?	🤍 Compártelo en los comentarios. — Aclama a Dios	Señor, ayúdame a valorar las personas, experiencias y principios que ninguna cantidad de dinero puede comprar.	Declaro que no permitiré que lo material determine por completo mi sentido de bienestar.	Escribe "Lo verdaderamente valioso" si hoy quieres recordar tus prioridades.	✍️ Escríbelo y compártelo con alguien que lo necesite. — Aclama a Dios
Mas buscad primeramente el reino de Dios y su justicia.	Mateo 6:33	Buscar equilibrio no significa hacer menos, sino aprender qué merece realmente tu atención.	¿Qué cosa importante has estado dejando para después por atender solamente lo urgente?	🤍 Compártelo en los comentarios. — Aclama a Dios	Padre, ayúdame a ordenar mis días para no descuidar aquello que verdaderamente importa.	Declaro que aprenderé a distinguir entre lo urgente y lo verdaderamente importante.	Escribe "Voy a ordenar mis prioridades" si hoy quieres recuperar aquello que importa.	✍️ Escríbelo y compártelo con alguien que lo necesite. — Aclama a Dios
El que siembra la buena semilla es el Hijo del Hombre.	Mateo 13:37	Cada palabra de ánimo, cada acto de servicio y cada decisión correcta puede convertirse en una semilla para el futuro.	¿Qué buena semilla quieres comenzar a sembrar desde hoy?	🤍 Compártelo en los comentarios. — Aclama a Dios	Señor, ayúdame a sembrar palabras, acciones y decisiones que produzcan buenos frutos con el tiempo.	Declaro que cuidaré lo que siembro porque sé que mis acciones pueden influir en el futuro.	Escribe "Hoy sembraré algo bueno" si quieres comenzar con una buena acción.	✍️ Escríbelo y compártelo con alguien que lo necesite. — Aclama a Dios
El que permanece en mí, y yo en él, éste lleva mucho fruto.	Juan 15:5	Los resultados duraderos suelen surgir de una conexión constante con aquello que realmente alimenta tu vida.	¿Qué práctica espiritual te ayuda a permanecer cerca de Dios?	🤍 Compártelo en los comentarios. — Aclama a Dios	Padre, ayúdame a permanecer cerca de ti y a no dejar que las ocupaciones apaguen mi vida espiritual.	Declaro que buscaré permanecer conectado con Dios aun en los días más ocupados.	Escribe "Quiero permanecer en Dios" si hoy deseas cuidar tu relación con Él.	✍️ Escríbelo y compártelo con alguien que lo necesite. — Aclama a Dios
Estas cosas os he hablado para que en mí tengáis paz.	Juan 16:33	La paz puede coexistir con las dificultades cuando existe una confianza más profunda que las circunstancias.	¿Qué situación necesitas enfrentar con una actitud más tranquila?	🤍 Compártelo en los comentarios. — Aclama a Dios	Señor, dame calma para enfrentar lo que tengo delante y sabiduría para no complicar aquello que ya es difícil.	Declaro que buscaré conservar la paz incluso durante los momentos de presión.	Escribe "Elegiré la calma" si hoy quieres enfrentar tu día con serenidad.	✍️ Escríbelo y compártelo con alguien que lo necesite. — Aclama a Dios
La paz os dejo, mi paz os doy; yo no os la doy como el mundo la da.	Juan 14:27	La tranquilidad exterior puede cambiar rápidamente, pero una paz interior cultivada con fe puede ayudarte a permanecer firme.	¿Qué actividad te ayuda a recuperar la tranquilidad cuando tu mente está saturada?	🤍 Compártelo en los comentarios. — Aclama a Dios	Padre, aquieta mi mente cuando tenga demasiados pensamientos y enséñame a descansar en ti.	Declaro que protegeré mi paz interior y cuidaré aquello que alimenta mi mente.	Escribe "Quiero paz" si hoy necesitas un momento para tranquilizar tu corazón.	✍️ Escríbelo y compártelo con alguien que lo necesite. — Aclama a Dios
Y conoceréis la verdad, y la verdad os hará libres.	Juan 8:32	La verdad puede ser incómoda cuando revela algo que necesitas cambiar, pero también puede abrir espacio para crecer.	¿Qué verdad sobre ti mismo aprendiste después de vivir una experiencia importante?	🤍 Compártelo en los comentarios. — Aclama a Dios	Señor, dame honestidad para reconocer la verdad aunque implique cambiar algunas cosas en mi vida.	Declaro que elegiré la verdad aun cuando resulte más difícil que ignorarla.	Escribe "Elegiré la verdad" si hoy quieres caminar con honestidad.	✍️ Escríbelo y compártelo con alguien que lo necesite. — Aclama a Dios
Yo soy el buen pastor; el buen pastor su vida da por las ovejas.	Juan 10:11	El verdadero cuidado se demuestra mediante presencia, responsabilidad y disposición para proteger a quienes amamos.	¿Quién ha sido una persona que te ha cuidado en un momento importante?	🤍 Compártelo en los comentarios. — Aclama a Dios	Señor, gracias por quienes me han cuidado y ayúdame a cuidar también a las personas que has puesto en mi vida.	Declaro que demostraré amor mediante acciones concretas hacia quienes forman parte de mi vida.	Escribe "Gracias por quien me cuida" si hoy tienes a alguien que agradecer.	✍️ Escríbelo y compártelo con alguien que lo necesite. — Aclama a Dios
Yo soy la vid, vosotros los pámpanos; el que permanece en mí, y yo en él, éste lleva mucho fruto.	Juan 15:5	La constancia espiritual puede alimentar cambios que no aparecen de inmediato, pero que con el tiempo transforman tu manera de vivir.	¿Qué fruto positivo deseas ver crecer en tu carácter?	🤍 Compártelo en los comentarios. — Aclama a Dios	Padre, ayúdame a cultivar paciencia, bondad, dominio propio y amor en mi manera de vivir.	Declaro que cuidaré mi interior para que mis acciones produzcan buenos frutos.	Escribe "Quiero dar buenos frutos" si deseas crecer en carácter.	✍️ Escríbelo y compártelo con alguien que lo necesite. — Aclama a Dios
El que me ama, mi palabra guardará; y mi Padre le amará.	Juan 14:23	El amor también se demuestra mediante la disposición de escuchar y poner en práctica aquello que consideramos importante.	¿Qué enseñanza de Jesús te gustaría aplicar con mayor constancia?	🤍 Compártelo en los comentarios. — Aclama a Dios	Señor, ayúdame a demostrar mi amor por ti mediante decisiones y acciones concretas.	Declaro que buscaré vivir mi fe de manera práctica y constante.	Escribe "Quiero vivir mi fe" si hoy deseas llevar tus creencias a tus acciones.	✍️ Escríbelo y compártelo con alguien que lo necesite. — Aclama a Dios
El que cree en mí, como dice la Escritura, de su interior correrán ríos de agua viva.	Juan 7:38	Una vida espiritual alimentada constantemente puede convertirse también en una fuente de ánimo para otras personas.	¿Qué persona de tu entorno necesita recibir hoy una palabra de esperanza?	🤍 Compártelo en los comentarios. — Aclama a Dios	Padre, llena mi interior de esperanza para poder compartir ánimo con quienes atraviesan momentos difíciles.	Declaro que buscaré ser una fuente de esperanza para las personas que me rodean.	Escribe "Compartiré esperanza" si hoy quieres animar a alguien.	✍️ Escríbelo y compártelo con alguien que lo necesite. — Aclama a Dios
Porque yo vivo, vosotros también viviréis.	Juan 14:19	La esperanza cristiana puede ayudarte a mirar más allá de las circunstancias inmediatas y mantener una perspectiva de vida.	¿Qué aspecto de tu futuro te gustaría mirar con más esperanza?	🤍 Compártelo en los comentarios. — Aclama a Dios	Señor, fortalece mi esperanza y ayúdame a mirar hacia adelante con confianza.	Declaro que no permitiré que las circunstancias presentes apaguen mi esperanza.	Escribe "Tengo esperanza para mañana" si hoy decides mirar hacia adelante.	✍️ Escríbelo y compártelo con alguien que lo necesite. — Aclama a Dios
Mas el Consolador, el Espíritu Santo, a quien el Padre enviará en mi nombre, él os enseñará todas las cosas.	Juan 14:26	Aprender requiere humildad para aceptar que todavía existen cosas que no sabemos y que podemos seguir descubriendo.	¿Qué tema espiritual deseas comprender mejor?	🤍 Compártelo en los comentarios. — Aclama a Dios	Padre, abre mi entendimiento y dame disposición para seguir aprendiendo y creciendo en mi fe.	Declaro que mantendré una actitud humilde y curiosa ante todo lo que todavía puedo aprender.	Escribe "Quiero aprender más" si hoy deseas profundizar en tu fe.	✍️ Escríbelo y compártelo con alguien que lo necesite. — Aclama a Dios
Porque el que quiera salvar su vida, la perderá; y el que pierda su vida por causa de mí, éste la salvará.	Lucas 9:24	El propósito puede aparecer cuando dejas de vivir únicamente para satisfacer tus propios intereses.	¿Qué acción desinteresada podrías realizar esta semana?	🤍 Compártelo en los comentarios. — Aclama a Dios	Señor, enséñame a pensar también en las necesidades de otros y a servir con un corazón sincero.	Declaro que buscaré una vida con propósito más allá de mis propios intereses.	Escribe "Quiero vivir con propósito" si deseas hacer una diferencia positiva.	✍️ Escríbelo y compártelo con alguien que lo necesite. — Aclama a Dios
Y dijo: Antes bienaventurados los que oyen la palabra de Dios, y la guardan.	Lucas 11:28	La verdadera transformación aparece cuando una enseñanza deja de ser solamente una idea y comienza a formar parte de tu conducta.	¿Qué enseñanza bíblica quieres comenzar a aplicar desde hoy?	🤍 Compártelo en los comentarios. — Aclama a Dios	Padre, ayúdame a guardar tus enseñanzas en mi corazón y reflejarlas en mis acciones.	Declaro que procuraré vivir aquello que aprendo de la Palabra de Dios.	Escribe "Lo guardaré en mi corazón" si hoy quieres aplicar una enseñanza bíblica.	✍️ Escríbelo y compártelo con alguien que lo necesite. — Aclama a Dios
Porque para Dios nada hay imposible.	Lucas 1:37	Una situación puede parecer demasiado complicada desde tu perspectiva, pero eso no significa que debas abandonar toda esperanza.	¿Qué situación consideras difícil y necesitas poner completamente delante de Dios?	🤍 Compártelo en los comentarios. — Aclama a Dios	Señor, ayúdame a mantener la esperanza cuando algo parezca imposible desde mi perspectiva.	Declaro que no limitaré mi esperanza únicamente a lo que puedo ver ahora.	Escribe "Para Dios es posible" si hoy quieres entregar una situación difícil.	✍️ Escríbelo y compártelo con alguien que lo necesite. — Aclama a Dios
Porque el que se ensalza será humillado; y el que se humilla será ensalzado.	Lucas 14:11	El reconocimiento externo puede ser agradable, pero no debería convertirse en la única fuente de nuestro valor.	¿Qué logro personal te enseñó a mantener los pies sobre la tierra?	🤍 Compártelo en los comentarios. — Aclama a Dios	Padre, ayúdame a recibir los logros con gratitud sin permitir que el orgullo gobierne mi corazón.	Declaro que celebraré mis avances con gratitud y humildad.	Escribe "Con gratitud y humildad" si hoy quieres valorar tus avances sin compararte.	✍️ Escríbelo y compártelo con alguien que lo necesite. — Aclama a Dios
El que es fiel en lo muy poco, también en lo más es fiel.	Lucas 16:10	La confianza se construye cuando demuestras responsabilidad incluso en aquello que parece insignificante.	¿Qué pequeña tarea puedes cumplir hoy con mayor responsabilidad?	🤍 Compártelo en los comentarios. — Aclama a Dios	Señor, ayúdame a tratar con seriedad las pequeñas responsabilidades que forman parte de mi vida.	Declaro que cuidaré con responsabilidad cada oportunidad que reciba.	Escribe "Seré responsable" si hoy quieres cuidar mejor tus pequeñas responsabilidades.	✍️ Escríbelo y compártelo con alguien que lo necesite. — Aclama a Dios
El que tiene oído para oír, oiga.	Marcos 4:9	Escuchar de verdad requiere dejar por unos momentos nuestras propias respuestas para comprender lo que otra persona intenta decir.	¿A quién necesitas escuchar con más atención?	🤍 Compártelo en los comentarios. — Aclama a Dios	Padre, dame paciencia para escuchar antes de responder y sensibilidad para comprender lo que otros sienten.	Declaro que aprenderé a escuchar con atención y no solamente a esperar mi turno para hablar.	Escribe "Hoy voy a escuchar" si quieres dedicar más atención a alguien.	✍️ Escríbelo y compártelo con alguien que lo necesite. — Aclama a Dios
El que quiera ser el primero, será el postrero de todos, y el servidor de todos.	Marcos 9:35	Servir puede enseñarte que el valor de una persona no depende de estar siempre en primer lugar.	¿Qué oportunidad tienes para ayudar sin necesidad de recibir protagonismo?	🤍 Compártelo en los comentarios. — Aclama a Dios	Señor, líbrame de la necesidad de destacar y enséñame a servir con alegría.	Declaro que podré hacer el bien sin necesitar reconocimiento.	Escribe "Serviré sin buscar aplausos" si hoy quieres ayudar con humildad.	✍️ Escríbelo y compártelo con alguien que lo necesite. — Aclama a Dios
Porque el que se avergonzare de mí y de mis palabras en esta generación adúltera y pecadora, el Hijo del Hombre se avergonzará también de él.	Marcos 8:38	Mantener tus convicciones puede requerir valentía cuando no coinciden con las opiniones de quienes te rodean.	¿Qué principio de tu fe deseas defender con mayor coherencia?	🤍 Compártelo en los comentarios. — Aclama a Dios	Padre, dame valentía para vivir mis convicciones con respeto, humildad y firmeza.	Declaro que no esconderé mis valores por miedo a la opinión de otras personas.	Escribe "Caminaré con convicción" si hoy deseas permanecer firme en tu fe.	✍️ Escríbelo y compártelo con alguien que lo necesite. — Aclama a Dios
Todo lo que quisiereis que los hombres hagan con vosotros, así también haced vosotros con ellos.	Mateo 7:12	Antes de reaccionar ante alguien, puede ayudarte preguntarte cómo te gustaría ser tratado en esa misma situación.	¿Cómo te gustaría que las personas respondieran cuando cometes un error?	🤍 Compártelo en los comentarios. — Aclama a Dios	Señor, ayúdame a tratar a los demás con la misma paciencia, respeto y comprensión que deseo recibir.	Declaro que procuraré tratar a cada persona con dignidad y consideración.	Escribe "Trataré con amor" si hoy quieres aplicar esta enseñanza en tus relaciones.	✍️ Escríbelo y compártelo con alguien que lo necesite. — Aclama a Dios
Bienaventurados los pobres en espíritu, porque de ellos es el reino de los cielos.	Mateo 5:3	Reconocer que necesitas a Dios no es una debilidad; puede ser una expresión de humildad y dependencia.	¿Qué área de tu vida te recuerda más que necesitas confiar en Dios?	🤍 Compártelo en los comentarios. — Aclama a Dios	Padre, ayúdame a reconocer mis límites y a acercarme a ti con humildad.	Declaro que no necesito aparentar tenerlo todo bajo control para confiar en Dios.	Escribe "Necesito de Dios" si hoy reconoces tu dependencia de Él.	✍️ Escríbelo y compártelo con alguien que lo necesite. — Aclama a Dios
Bienaventurados los que lloran, porque ellos recibirán consolación.	Mateo 5:4	Las lágrimas también forman parte de la vida y no disminuyen el valor de quien las derrama.	¿Qué situación de tu vida necesitas dejar de ocultar detrás de una sonrisa?	🤍 Compártelo en los comentarios. — Aclama a Dios	Señor, consuela mi corazón en aquello que todavía me duele y dame permiso para reconocer mis emociones delante de ti.	Declaro que no me avergonzaré de atravesar momentos de tristeza y buscaré consuelo en Dios.	Escribe "Dios consuela mi corazón" si hoy necesitas recibir ánimo.	✍️ Escríbelo y compártelo con alguien que lo necesite. — Aclama a Dios
Bienaventurados los mansos, porque ellos recibirán la tierra por heredad.	Mateo 5:5	La mansedumbre no significa debilidad; también puede significar tener fuerza suficiente para no reaccionar impulsivamente.	¿En qué situación necesitas practicar más serenidad?	🤍 Compártelo en los comentarios. — Aclama a Dios	Padre, enséñame a controlar mis reacciones y a responder con serenidad incluso bajo presión.	Declaro que elegiré la mansedumbre antes que la reacción impulsiva.	Escribe "Responderé con calma" si hoy quieres practicar la mansedumbre.	✍️ Escríbelo y compártelo con alguien que lo necesite. — Aclama a Dios
Bienaventurados los que tienen hambre y sed de justicia, porque ellos serán saciados.	Mateo 5:6	Buscar lo correcto puede requerir paciencia cuando el resultado no aparece inmediatamente.	¿Qué situación te gustaría ver resuelta de una manera justa?	🤍 Compártelo en los comentarios. — Aclama a Dios	Señor, ayúdame a mantener el deseo de hacer lo correcto incluso cuando los resultados tarden.	Declaro que continuaré buscando la justicia sin abandonar la esperanza.	Escribe "Seguiré haciendo lo correcto" si hoy quieres permanecer firme.	✍️ Escríbelo y compártelo con alguien que lo necesite. — Aclama a Dios
Bienaventurados los misericordiosos, porque ellos alcanzarán misericordia.	Mateo 5:7	Mostrar compasión no elimina los límites, pero sí puede cambiar la manera en que tratamos a quienes se equivocan.	¿En qué situación podrías responder con más comprensión?	🤍 Compártelo en los comentarios. — Aclama a Dios	Señor, dame discernimiento para establecer límites sin perder la compasión.	Declaro que puedo ser firme sin dejar de actuar con misericordia.	Escribe "Seré compasivo" si hoy quieres responder con más comprensión.	✍️ Escríbelo y compártelo con alguien que lo necesite. — Aclama a Dios
Bienaventurados los pacificadores, porque ellos serán llamados hijos de Dios.	Mateo 5:9	La paz comienza muchas veces con una persona que decide dejar de alimentar el conflicto.	¿Qué conversación pendiente podría mejorar si eligieras hablar desde la calma?	🤍 Compártelo en los comentarios. — Aclama a Dios	Padre, dame sabiduría para iniciar conversaciones difíciles desde el respeto y no desde el enojo.	Declaro que procuraré disminuir los conflictos en lugar de alimentarlos.	Escribe "Llevaré paz" si hoy quieres aportar tranquilidad en una conversación difícil.	✍️ Escríbelo y compártelo con alguien que lo necesite. — Aclama a Dios
Vosotros sois la sal de la tierra; pero si la sal se desvaneciere, ¿con qué será salada?	Mateo 5:13	Tus valores pueden conservar su influencia cuando decides mantenerlos presentes incluso en situaciones cotidianas.	¿Qué valor quieres conservar firme sin importar las circunstancias?	🤍 Compártelo en los comentarios. — Aclama a Dios	Señor, ayúdame a mantener firmes mis principios y a reflejarlos en mis decisiones diarias.	Declaro que mis valores permanecerán firmes aunque las circunstancias cambien.	Escribe "Mantendré mi esencia" si hoy quieres cuidar tus principios.	✍️ Escríbelo y compártelo con alguien que lo necesite. — Aclama a Dios
No juzguéis, para que no seáis juzgados.	Mateo 7:1	Antes de juzgar una historia, recuerda que casi siempre desconocemos una parte de lo que la otra persona está viviendo.	¿Qué te ayuda a ser más comprensivo antes de juzgar a alguien?	🤍 Compártelo en los comentarios. — Aclama a Dios	Padre, dame prudencia para escuchar, comprender y no sacar conclusiones apresuradas sobre los demás.	Declaro que buscaré comprender antes de juzgar.	Escribe "Primero comprenderé" si hoy quieres practicar más empatía.	✍️ Escríbelo y compártelo con alguien que lo necesite. — Aclama a Dios
Pedid, y se os dará; buscad, y hallaréis; llamad, y se os abrirá.	Mateo 7:7	La perseverancia puede cambiar la forma en que enfrentas una puerta que todavía permanece cerrada.	¿Qué puerta de tu vida estás esperando que se abra?	🤍 Compártelo en los comentarios. — Aclama a Dios	Señor, dame paciencia para esperar y sabiduría para reconocer cuándo debo seguir buscando y cuándo debo cambiar de dirección.	Declaro que permaneceré atento a las oportunidades sin desesperarme por los tiempos.	Escribe "Seguiré llamando" si hoy decides no abandonar tu esperanza.	✍️ Escríbelo y compártelo con alguien que lo necesite. — Aclama a Dios
Porque vuestro Padre sabe de qué cosas tenéis necesidad, antes que vosotros le pidáis.	Mateo 6:8	No necesitas encontrar palabras perfectas para hablar con Dios; puedes acercarte con honestidad.	¿Qué necesidad deseas presentar hoy delante de Dios sin ocultar nada?	🤍 Compártelo en los comentarios. — Aclama a Dios	Padre, conoces mis necesidades incluso antes de expresarlas; ayúdame a acercarme a ti con confianza.	Declaro que puedo hablar con Dios con sinceridad acerca de lo que necesito.	Escribe "Dios conoce mi necesidad" si hoy decides confiarle aquello que te preocupa.	✍️ Escríbelo y compártelo con alguien que lo necesite. — Aclama a Dios
Y cualquiera que deje casas, o hermanos, o hermanas, o padre, o madre, por mi nombre, recibirá cien veces más.	Mateo 19:29	Seguir una convicción espiritual puede requerir reorganizar algunas prioridades de tu vida.	¿Qué prioridad necesitas reorganizar para dedicar más espacio a tu relación con Dios?	🤍 Compártelo en los comentarios. — Aclama a Dios	Señor, ayúdame a ordenar mis prioridades sin descuidar las responsabilidades que me has confiado.	Declaro que buscaré equilibrio entre mis responsabilidades y mi vida espiritual.	Escribe "Voy a hacer espacio para Dios" si deseas cuidar más tu relación con Él.	✍️ Escríbelo y compártelo con alguien que lo necesite. — Aclama a Dios
Y cualquiera que por causa de mi nombre reciba a un niño como este, a mí me recibe.	Mateo 18:5	La manera en que recibimos y tratamos a las personas vulnerables también refleja nuestros valores.	¿Qué puedes hacer hoy para que alguien se sienta recibido y valorado?	🤍 Compártelo en los comentarios. — Aclama a Dios	Padre, dame sensibilidad para hacer sentir bienvenidas y valoradas a las personas que encuentre.	Declaro que procuraré crear espacios donde otros puedan sentirse respetados y recibidos.	Escribe "Haré sentir bienvenido a alguien" si hoy quieres practicar la hospitalidad.	✍️ Escríbelo y compártelo con alguien que lo necesite. — Aclama a Dios
Porque al que tiene, le será dado, y tendrá más; y al que no tiene, aun lo que tiene le será quitado.	Mateo 25:29	Las capacidades que tienes pueden crecer cuando decides utilizarlas en lugar de dejarlas guardadas por miedo.	¿Qué habilidad tienes que te gustaría comenzar a desarrollar más?	🤍 Compártelo en los comentarios. — Aclama a Dios	Señor, ayúdame a utilizar responsablemente los talentos y capacidades que me has permitido desarrollar.	Declaro que trabajaré mis habilidades con disciplina y las utilizaré para hacer el bien.	Escribe "Voy a desarrollar mi talento" si hoy decides trabajar en una habilidad.	✍️ Escríbelo y compártelo con alguien que lo necesite. — Aclama a Dios
Bienaventurado aquel siervo al cual, cuando su señor venga, le halle haciendo así.	Lucas 12:43	La constancia se demuestra cuando sigues haciendo lo correcto incluso cuando nadie está pendiente.	¿Qué hábito positivo quieres mantener aunque nadie te esté observando?	🤍 Compártelo en los comentarios. — Aclama a Dios	Padre, ayúdame a ser constante y responsable también cuando no haya reconocimiento externo.	Declaro que haré lo correcto por convicción y no solamente cuando alguien pueda verme.	Escribe "Seré constante" si hoy quieres mantener un buen hábito.	✍️ Escríbelo y compártelo con alguien que lo necesite. — Aclama a Dios
Porque el que es fiel en lo muy poco, también en lo más es fiel.	Lucas 16:10	La disciplina cotidiana puede parecer invisible, pero con el tiempo puede producir cambios que sí se hacen visibles.	¿Qué pequeño hábito quieres fortalecer durante los próximos días?	🤍 Compártelo en los comentarios. — Aclama a Dios	Señor, dame disciplina para cuidar mis hábitos y mantenerme constante aunque los cambios tarden.	Declaro que seré paciente con mi proceso y constante con mis esfuerzos.	Escribe "Seré constante cada día" si hoy decides fortalecer un pequeño hábito.	✍️ Escríbelo y compártelo con alguien que lo necesite. — Aclama a Dios
Y el que no toma su cruz y sigue en pos de mí, no es digno de mí.	Mateo 10:38	Algunas decisiones importantes requieren sacrificios que solo adquieren sentido cuando recuerdas por qué comenzaste.	¿Qué sacrificio estás dispuesto a hacer por algo que realmente consideras importante?	🤍 Compártelo en los comentarios. — Aclama a Dios	Señor, dame fortaleza para aceptar los sacrificios necesarios sin perder de vista el propósito de mi camino.	Declaro que no abandonaré mis convicciones solamente porque el camino requiera esfuerzo.	Escribe "Seguiré adelante" si hoy estás dispuesto a perseverar aunque cueste.	✍️ Escríbelo y compártelo con alguien que lo necesite. — Aclama a Dios
Y he aquí, yo estoy con vosotros todos los días, hasta el fin del mundo.	Mateo 28:20	Cada jornada puede comenzar de una manera diferente, pero la oportunidad de caminar con fe permanece.	¿Qué momento de tu rutina diaria quieres comenzar a vivir con mayor conciencia de Dios?	🤍 Compártelo en los comentarios. — Aclama a Dios	Padre, acompáñame durante cada actividad de este día y ayúdame a mantenerte presente en mis pensamientos.	Declaro que buscaré vivir mis días con una mayor conciencia de la presencia de Dios.	Escribe "Caminaré con Dios hoy" si deseas comenzar el día con esa intención.	✍️ Escríbelo y compártelo con alguien que lo necesite. — Aclama a Dios
Porque donde esté vuestro tesoro, allí estará también vuestro corazón.	Mateo 6:21	Lo que más valoras suele recibir también la mayor parte de tu tiempo, energía y atención.	¿Qué ocupa actualmente el primer lugar en tus pensamientos?	🤍 Compártelo en los comentarios. — Aclama a Dios	Señor, ayúdame a reconocer qué cosas están ocupando demasiado espacio en mi corazón y a recuperar mis prioridades.	Declaro que pondré mi atención en aquello que verdaderamente tiene valor eterno.	Escribe "Quiero cuidar mi corazón" si hoy deseas revisar tus prioridades.	✍️ Escríbelo y compártelo con alguien que lo necesite. — Aclama a Dios
Y amarás al Señor tu Dios con todo tu corazón, y con toda tu alma, y con toda tu mente.	Mateo 22:37	La relación con Dios también puede reflejarse en la forma en que organizas tu tiempo, decisiones y prioridades.	¿Qué parte de tu vida quieres entregar hoy con mayor sinceridad a Dios?	🤍 Compártelo en los comentarios. — Aclama a Dios	Padre, ayúdame a amarte con sinceridad y a demostrarlo mediante la manera en que vivo.	Declaro que buscaré colocar mi relación con Dios en el centro de mis prioridades.	Escribe "Todo mi corazón" si hoy deseas acercarte más a Dios.	✍️ Escríbelo y compártelo con alguien que lo necesite. — Aclama a Dios
Amarás a tu prójimo como a ti mismo.	Mateo 22:39	Amar al prójimo comienza muchas veces con acciones pequeñas: escuchar, respetar, ayudar y tener paciencia.	¿A quién puedes demostrarle amor de una manera concreta durante este día?	🤍 Compártelo en los comentarios. — Aclama a Dios	Señor, ayúdame a tratar a quienes me rodean con respeto, paciencia y verdadera consideración.	Declaro que buscaré demostrar amor mediante acciones concretas.	Escribe "Hoy demostraré amor" si quieres hacer una acción amable por alguien.	✍️ Escríbelo y compártelo con alguien que lo necesite. — Aclama a Dios
Y Jesús le dijo: Ninguno que poniendo su mano en el arado mira hacia atrás, es apto para el reino de Dios.	Lucas 9:62	Avanzar requiere aprender a mirar hacia adelante sin permitir que el pasado controle cada decisión presente.	¿Qué meta quieres dejar de posponer por seguir pensando demasiado en lo que ya pasó?	🤍 Compártelo en los comentarios. — Aclama a Dios	Padre, dame determinación para mirar hacia adelante y no permitir que mis antiguas dudas me detengan.	Declaro que enfocaré mi energía en avanzar y construir lo que tengo delante.	Escribe "Voy hacia adelante" si hoy decides concentrarte en tu próximo paso.	✍️ Escríbelo y compártelo con alguien que lo necesite. — Aclama a Dios
Porque todo aquel que pide, recibe; y el que busca, halla; y al que llama, se abrirá.	Mateo 7:8	La paciencia durante una búsqueda puede ser tan importante como el resultado que esperas encontrar.	¿Qué estás buscando con mayor insistencia en esta etapa de tu vida?	🤍 Compártelo en los comentarios. — Aclama a Dios	Señor, dame claridad para reconocer aquello que realmente necesito buscar y paciencia durante el proceso.	Declaro que no abandonaré mis búsquedas importantes por una demora temporal.	Escribe "No abandonaré" si hoy decides continuar buscando con paciencia.	✍️ Escríbelo y compártelo con alguien que lo necesite. — Aclama a Dios
Y he aquí, yo estoy con vosotros todos los días, hasta el fin del mundo.	Mateo 28:20	No necesitas saber cómo será cada día para comenzar el que tienes delante con esperanza.	¿Qué quieres pedirle a Dios para comenzar esta nueva jornada?	🤍 Compártelo en los comentarios. — Aclama a Dios	Padre, acompáñame en este nuevo día y ayúdame a responder a cada situación con sabiduría.	Declaro que enfrentaré este día con esperanza, responsabilidad y confianza en Dios.	Escribe "Guía mi día, Señor" si hoy quieres comenzar poniendo tu jornada en Sus manos.	✍️ Escríbelo y compártelo con alguien que lo necesite. — Aclama a Dios